Copyright 1986-2022 Xilinx, Inc. All Rights Reserved. Copyright 2022-2023 Advanced Micro Devices, Inc. All Rights Reserved.
------------------------------------------------------------------------------------------------------------------------------------------------------------------------------------------------------------------------
| Tool Version : Vivado v.2023.2 (win64) Build 4029153 Fri Oct 13 20:14:34 MDT 2023
| Date         : Mon Sep  7 16:40:05 2026
| Host         : shdbgf running 64-bit major release  (build 9200)
| Command      : report_timing_summary -max_paths 10 -report_unconstrained -file clock_top_timing_summary_routed.rpt -pb clock_top_timing_summary_routed.pb -rpx clock_top_timing_summary_routed.rpx -warn_on_violation
| Design       : clock_top
| Device       : 7a75t-fgg484
| Speed File   : -2  PRODUCTION 1.23 2018-06-13
| Design State : Routed
------------------------------------------------------------------------------------------------------------------------------------------------------------------------------------------------------------------------

Timing Summary Report

------------------------------------------------------------------------------------------------
| Timer Settings
| --------------
------------------------------------------------------------------------------------------------

  Enable Multi Corner Analysis               :  Yes
  Enable Pessimism Removal                   :  Yes
  Pessimism Removal Resolution               :  Nearest Common Node
  Enable Input Delay Default Clock           :  No
  Enable Preset / Clear Arcs                 :  No
  Disable Flight Delays                      :  No
  Ignore I/O Paths                           :  No
  Timing Early Launch at Borrowing Latches   :  No
  Borrow Time for Max Delay Exceptions       :  Yes
  Merge Timing Exceptions                    :  Yes
  Inter-SLR Compensation                     :  Conservative

  Corner  Analyze    Analyze    
  Name    Max Paths  Min Paths  
  ------  ---------  ---------  
  Slow    Yes        Yes        
  Fast    Yes        Yes        


------------------------------------------------------------------------------------------------
| Report Methodology
| ------------------
------------------------------------------------------------------------------------------------

Rule       Severity  Description                    Violations  
---------  --------  -----------------------------  ----------  
TIMING-18  Warning   Missing input or output delay  25          

Note: This report is based on the most recent report_methodology run and may not be up-to-date. Run report_methodology on the current design for the latest report.



check_timing report

Table of Contents
-----------------
1. checking no_clock (0)
2. checking constant_clock (0)
3. checking pulse_width_clock (0)
4. checking unconstrained_internal_endpoints (0)
5. checking no_input_delay (8)
6. checking no_output_delay (16)
7. checking multiple_clock (0)
8. checking generated_clocks (0)
9. checking loops (0)
10. checking partial_input_delay (0)
11. checking partial_output_delay (0)
12. checking latch_loops (0)

1. checking no_clock (0)
------------------------
 There are 0 register/latch pins with no clock.


2. checking constant_clock (0)
------------------------------
 There are 0 register/latch pins with constant_clock.


3. checking pulse_width_clock (0)
---------------------------------
 There are 0 register/latch pins which need pulse_width check


4. checking unconstrained_internal_endpoints (0)
------------------------------------------------
 There are 0 pins that are not constrained for maximum delay.

 There are 0 pins that are not constrained for maximum delay due to constant clock.


5. checking no_input_delay (8)
------------------------------
 There are 8 input ports with no input delay specified. (HIGH)

 There are 0 input ports with no input delay but user has a false path constraint.


6. checking no_output_delay (16)
--------------------------------
 There are 16 ports with no output delay specified. (HIGH)

 There are 0 ports with no output delay but user has a false path constraint

 There are 0 ports with no output delay but with a timing clock defined on it or propagating through it


7. checking multiple_clock (0)
------------------------------
 There are 0 register/latch pins with multiple clocks.


8. checking generated_clocks (0)
--------------------------------
 There are 0 generated clocks that are not connected to a clock source.


9. checking loops (0)
---------------------
 There are 0 combinational loops in the design.


10. checking partial_input_delay (0)
------------------------------------
 There are 0 input ports with partial input delay specified.


11. checking partial_output_delay (0)
-------------------------------------
 There are 0 ports with partial output delay specified.


12. checking latch_loops (0)
----------------------------
 There are 0 combinational latch loops in the design through latch input



------------------------------------------------------------------------------------------------
| Design Timing Summary
| ---------------------
------------------------------------------------------------------------------------------------

    WNS(ns)      TNS(ns)  TNS Failing Endpoints  TNS Total Endpoints      WHS(ns)      THS(ns)  THS Failing Endpoints  THS Total Endpoints     WPWS(ns)     TPWS(ns)  TPWS Failing Endpoints  TPWS Total Endpoints  
    -------      -------  ---------------------  -------------------      -------      -------  ---------------------  -------------------     --------     --------  ----------------------  --------------------  
     14.222        0.000                      0                  924        0.129        0.000                      0                  924        9.500        0.000                       0                   392  


All user specified timing constraints are met.


------------------------------------------------------------------------------------------------
| Clock Summary
| -------------
------------------------------------------------------------------------------------------------

Clock    Waveform(ns)       Period(ns)      Frequency(MHz)
-----    ------------       ----------      --------------
sys_clk  {0.000 10.000}     20.000          50.000          


------------------------------------------------------------------------------------------------
| Intra Clock Table
| -----------------
------------------------------------------------------------------------------------------------

Clock             WNS(ns)      TNS(ns)  TNS Failing Endpoints  TNS Total Endpoints      WHS(ns)      THS(ns)  THS Failing Endpoints  THS Total Endpoints     WPWS(ns)     TPWS(ns)  TPWS Failing Endpoints  TPWS Total Endpoints  
-----             -------      -------  ---------------------  -------------------      -------      -------  ---------------------  -------------------     --------     --------  ----------------------  --------------------  
sys_clk            14.222        0.000                      0                  924        0.129        0.000                      0                  924        9.500        0.000                       0                   392  


------------------------------------------------------------------------------------------------
| Inter Clock Table
| -----------------
------------------------------------------------------------------------------------------------

From Clock    To Clock          WNS(ns)      TNS(ns)  TNS Failing Endpoints  TNS Total Endpoints      WHS(ns)      THS(ns)  THS Failing Endpoints  THS Total Endpoints  
----------    --------          -------      -------  ---------------------  -------------------      -------      -------  ---------------------  -------------------  


------------------------------------------------------------------------------------------------
| Other Path Groups Table
| -----------------------
------------------------------------------------------------------------------------------------

Path Group    From Clock    To Clock          WNS(ns)      TNS(ns)  TNS Failing Endpoints  TNS Total Endpoints      WHS(ns)      THS(ns)  THS Failing Endpoints  THS Total Endpoints  
----------    ----------    --------          -------      -------  ---------------------  -------------------      -------      -------  ---------------------  -------------------  


------------------------------------------------------------------------------------------------
| User Ignored Path Table
| -----------------------
------------------------------------------------------------------------------------------------

Path Group    From Clock    To Clock    
----------    ----------    --------    


------------------------------------------------------------------------------------------------
| Unconstrained Path Table
| ------------------------
------------------------------------------------------------------------------------------------

Path Group    From Clock    To Clock    
----------    ----------    --------    
(none)        sys_clk                     
(none)                      sys_clk       


------------------------------------------------------------------------------------------------
| Timing Details
| --------------
------------------------------------------------------------------------------------------------


---------------------------------------------------------------------------------------------------
From Clock:  sys_clk
  To Clock:  sys_clk

Setup :            0  Failing Endpoints,  Worst Slack       14.222ns,  Total Violation        0.000ns
Hold  :            0  Failing Endpoints,  Worst Slack        0.129ns,  Total Violation        0.000ns
PW    :            0  Failing Endpoints,  Worst Slack        9.500ns,  Total Violation        0.000ns
---------------------------------------------------------------------------------------------------


Max Delay Paths
--------------------------------------------------------------------------------------
Slack (MET) :             14.222ns  (required time - arrival time)
  Source:                 u_control/display_mode_reg[0]/C
                            (rising edge-triggered cell FDRE clocked by sys_clk  {rise@0.000ns fall@10.000ns period=20.000ns})
  Destination:            u_display/seg_reg[4]/D
                            (rising edge-triggered cell FDSE clocked by sys_clk  {rise@0.000ns fall@10.000ns period=20.000ns})
  Path Group:             sys_clk
  Path Type:              Setup (Max at Slow Process Corner)
  Requirement:            20.000ns  (sys_clk rise@20.000ns - sys_clk rise@0.000ns)
  Data Path Delay:        5.790ns  (logic 1.464ns (25.286%)  route 4.326ns (74.714%))
  Logic Levels:           6  (LUT2=1 LUT4=1 LUT6=3 MUXF7=1)
  Clock Path Skew:        -0.027ns (DCD - SCD + CPR)
    Destination Clock Delay (DCD):    4.447ns = ( 24.447 - 20.000 ) 
    Source Clock Delay      (SCD):    4.718ns
    Clock Pessimism Removal (CPR):    0.243ns
  Clock Uncertainty:      0.035ns  ((TSJ^2 + TIJ^2)^1/2 + DJ) / 2 + PE
    Total System Jitter     (TSJ):    0.071ns
    Total Input Jitter      (TIJ):    0.000ns
    Discrete Jitter          (DJ):    0.000ns
    Phase Error              (PE):    0.000ns

    Location             Delay type                Incr(ns)  Path(ns)    Netlist Resource(s)
  -------------------------------------------------------------------    -------------------
                         (clock sys_clk rise edge)    0.000     0.000 r  
    Y18                                               0.000     0.000 r  clk (IN)
                         net (fo=0)                   0.000     0.000    clk
    Y18                  IBUF (Prop_ibuf_I_O)         1.476     1.476 r  clk_IBUF_inst/O
                         net (fo=1, routed)           1.709     3.185    clk_IBUF
    BUFGCTRL_X0Y0        BUFG (Prop_bufg_I_O)         0.081     3.266 r  clk_IBUF_BUFG_inst/O
                         net (fo=391, routed)         1.452     4.718    u_control/clk_IBUF_BUFG
    SLICE_X78Y56         FDRE                                         r  u_control/display_mode_reg[0]/C
  -------------------------------------------------------------------    -------------------
    SLICE_X78Y56         FDRE (Prop_fdre_C_Q)         0.433     5.151 f  u_control/display_mode_reg[0]/Q
                         net (fo=68, routed)          2.075     7.225    u_control/display_mode[0]
    SLICE_X84Y55         LUT2 (Prop_lut2_I1_O)        0.119     7.344 r  u_control/alarm_select[1]_i_2/O
                         net (fo=3, routed)           0.375     7.719    u_alarm/seg[6]_i_51_0[0]
    SLICE_X86Y54         LUT6 (Prop_lut6_I5_O)        0.268     7.987 f  u_alarm/seg[6]_i_100/O
                         net (fo=1, routed)           0.471     8.459    u_alarm/seg[6]_i_100_n_0
    SLICE_X85Y54         LUT6 (Prop_lut6_I0_O)        0.105     8.564 r  u_alarm/seg[6]_i_51/O
                         net (fo=1, routed)           0.000     8.564    u_display/display_data[0]
    SLICE_X85Y54         MUXF7 (Prop_muxf7_I1_O)      0.182     8.746 r  u_display/seg_reg[6]_i_20/O
                         net (fo=1, routed)           0.456     9.201    u_display/seg_reg[6]_i_20_n_0
    SLICE_X80Y55         LUT6 (Prop_lut6_I1_O)        0.252     9.453 f  u_display/seg[6]_i_8/O
                         net (fo=7, routed)           0.949    10.402    u_control/seg_reg[0]
    SLICE_X78Y54         LUT4 (Prop_lut4_I1_O)        0.105    10.507 r  u_control/seg[4]_i_1/O
                         net (fo=1, routed)           0.000    10.507    u_display/seg_reg[6]_0[4]
    SLICE_X78Y54         FDSE                                         r  u_display/seg_reg[4]/D
  -------------------------------------------------------------------    -------------------

                         (clock sys_clk rise edge)   20.000    20.000 r  
    Y18                                               0.000    20.000 r  clk (IN)
                         net (fo=0)                   0.000    20.000    clk
    Y18                  IBUF (Prop_ibuf_I_O)         1.409    21.409 r  clk_IBUF_inst/O
                         net (fo=1, routed)           1.620    23.030    clk_IBUF
    BUFGCTRL_X0Y0        BUFG (Prop_bufg_I_O)         0.077    23.107 r  clk_IBUF_BUFG_inst/O
                         net (fo=391, routed)         1.341    24.447    u_display/clk_IBUF_BUFG
    SLICE_X78Y54         FDSE                                         r  u_display/seg_reg[4]/C
                         clock pessimism              0.243    24.691    
                         clock uncertainty           -0.035    24.655    
    SLICE_X78Y54         FDSE (Setup_fdse_C_D)        0.074    24.729    u_display/seg_reg[4]
  -------------------------------------------------------------------
                         required time                         24.729    
                         arrival time                         -10.507    
  -------------------------------------------------------------------
                         slack                                 14.222    

Slack (MET) :             14.226ns  (required time - arrival time)
  Source:                 u_control/display_mode_reg[0]/C
                            (rising edge-triggered cell FDRE clocked by sys_clk  {rise@0.000ns fall@10.000ns period=20.000ns})
  Destination:            u_display/seg_reg[0]/D
                            (rising edge-triggered cell FDSE clocked by sys_clk  {rise@0.000ns fall@10.000ns period=20.000ns})
  Path Group:             sys_clk
  Path Type:              Setup (Max at Slow Process Corner)
  Requirement:            20.000ns  (sys_clk rise@20.000ns - sys_clk rise@0.000ns)
  Data Path Delay:        5.784ns  (logic 1.464ns (25.312%)  route 4.320ns (74.688%))
  Logic Levels:           6  (LUT2=1 LUT4=1 LUT6=3 MUXF7=1)
  Clock Path Skew:        -0.027ns (DCD - SCD + CPR)
    Destination Clock Delay (DCD):    4.447ns = ( 24.447 - 20.000 ) 
    Source Clock Delay      (SCD):    4.718ns
    Clock Pessimism Removal (CPR):    0.243ns
  Clock Uncertainty:      0.035ns  ((TSJ^2 + TIJ^2)^1/2 + DJ) / 2 + PE
    Total System Jitter     (TSJ):    0.071ns
    Total Input Jitter      (TIJ):    0.000ns
    Discrete Jitter          (DJ):    0.000ns
    Phase Error              (PE):    0.000ns

    Location             Delay type                Incr(ns)  Path(ns)    Netlist Resource(s)
  -------------------------------------------------------------------    -------------------
                         (clock sys_clk rise edge)    0.000     0.000 r  
    Y18                                               0.000     0.000 r  clk (IN)
                         net (fo=0)                   0.000     0.000    clk
    Y18                  IBUF (Prop_ibuf_I_O)         1.476     1.476 r  clk_IBUF_inst/O
                         net (fo=1, routed)           1.709     3.185    clk_IBUF
    BUFGCTRL_X0Y0        BUFG (Prop_bufg_I_O)         0.081     3.266 r  clk_IBUF_BUFG_inst/O
                         net (fo=391, routed)         1.452     4.718    u_control/clk_IBUF_BUFG
    SLICE_X78Y56         FDRE                                         r  u_control/display_mode_reg[0]/C
  -------------------------------------------------------------------    -------------------
    SLICE_X78Y56         FDRE (Prop_fdre_C_Q)         0.433     5.151 r  u_control/display_mode_reg[0]/Q
                         net (fo=68, routed)          2.075     7.225    u_control/display_mode[0]
    SLICE_X84Y55         LUT2 (Prop_lut2_I1_O)        0.119     7.344 f  u_control/alarm_select[1]_i_2/O
                         net (fo=3, routed)           0.375     7.719    u_alarm/seg[6]_i_51_0[0]
    SLICE_X86Y54         LUT6 (Prop_lut6_I5_O)        0.268     7.987 r  u_alarm/seg[6]_i_100/O
                         net (fo=1, routed)           0.471     8.459    u_alarm/seg[6]_i_100_n_0
    SLICE_X85Y54         LUT6 (Prop_lut6_I0_O)        0.105     8.564 f  u_alarm/seg[6]_i_51/O
                         net (fo=1, routed)           0.000     8.564    u_display/display_data[0]
    SLICE_X85Y54         MUXF7 (Prop_muxf7_I1_O)      0.182     8.746 f  u_display/seg_reg[6]_i_20/O
                         net (fo=1, routed)           0.456     9.201    u_display/seg_reg[6]_i_20_n_0
    SLICE_X80Y55         LUT6 (Prop_lut6_I1_O)        0.252     9.453 r  u_display/seg[6]_i_8/O
                         net (fo=7, routed)           0.943    10.396    u_control/seg_reg[0]
    SLICE_X78Y54         LUT4 (Prop_lut4_I0_O)        0.105    10.501 r  u_control/seg[0]_i_1/O
                         net (fo=1, routed)           0.000    10.501    u_display/seg_reg[6]_0[0]
    SLICE_X78Y54         FDSE                                         r  u_display/seg_reg[0]/D
  -------------------------------------------------------------------    -------------------

                         (clock sys_clk rise edge)   20.000    20.000 r  
    Y18                                               0.000    20.000 r  clk (IN)
                         net (fo=0)                   0.000    20.000    clk
    Y18                  IBUF (Prop_ibuf_I_O)         1.409    21.409 r  clk_IBUF_inst/O
                         net (fo=1, routed)           1.620    23.030    clk_IBUF
    BUFGCTRL_X0Y0        BUFG (Prop_bufg_I_O)         0.077    23.107 r  clk_IBUF_BUFG_inst/O
                         net (fo=391, routed)         1.341    24.447    u_display/clk_IBUF_BUFG
    SLICE_X78Y54         FDSE                                         r  u_display/seg_reg[0]/C
                         clock pessimism              0.243    24.691    
                         clock uncertainty           -0.035    24.655    
    SLICE_X78Y54         FDSE (Setup_fdse_C_D)        0.072    24.727    u_display/seg_reg[0]
  -------------------------------------------------------------------
                         required time                         24.727    
                         arrival time                         -10.501    
  -------------------------------------------------------------------
                         slack                                 14.226    

Slack (MET) :             14.236ns  (required time - arrival time)
  Source:                 u_control/display_mode_reg[0]/C
                            (rising edge-triggered cell FDRE clocked by sys_clk  {rise@0.000ns fall@10.000ns period=20.000ns})
  Destination:            u_display/seg_reg[2]/D
                            (rising edge-triggered cell FDSE clocked by sys_clk  {rise@0.000ns fall@10.000ns period=20.000ns})
  Path Group:             sys_clk
  Path Type:              Setup (Max at Slow Process Corner)
  Requirement:            20.000ns  (sys_clk rise@20.000ns - sys_clk rise@0.000ns)
  Data Path Delay:        5.778ns  (logic 1.464ns (25.338%)  route 4.314ns (74.662%))
  Logic Levels:           6  (LUT2=1 LUT4=1 LUT6=3 MUXF7=1)
  Clock Path Skew:        -0.027ns (DCD - SCD + CPR)
    Destination Clock Delay (DCD):    4.447ns = ( 24.447 - 20.000 ) 
    Source Clock Delay      (SCD):    4.718ns
    Clock Pessimism Removal (CPR):    0.243ns
  Clock Uncertainty:      0.035ns  ((TSJ^2 + TIJ^2)^1/2 + DJ) / 2 + PE
    Total System Jitter     (TSJ):    0.071ns
    Total Input Jitter      (TIJ):    0.000ns
    Discrete Jitter          (DJ):    0.000ns
    Phase Error              (PE):    0.000ns

    Location             Delay type                Incr(ns)  Path(ns)    Netlist Resource(s)
  -------------------------------------------------------------------    -------------------
                         (clock sys_clk rise edge)    0.000     0.000 r  
    Y18                                               0.000     0.000 r  clk (IN)
                         net (fo=0)                   0.000     0.000    clk
    Y18                  IBUF (Prop_ibuf_I_O)         1.476     1.476 r  clk_IBUF_inst/O
                         net (fo=1, routed)           1.709     3.185    clk_IBUF
    BUFGCTRL_X0Y0        BUFG (Prop_bufg_I_O)         0.081     3.266 r  clk_IBUF_BUFG_inst/O
                         net (fo=391, routed)         1.452     4.718    u_control/clk_IBUF_BUFG
    SLICE_X78Y56         FDRE                                         r  u_control/display_mode_reg[0]/C
  -------------------------------------------------------------------    -------------------
    SLICE_X78Y56         FDRE (Prop_fdre_C_Q)         0.433     5.151 r  u_control/display_mode_reg[0]/Q
                         net (fo=68, routed)          2.075     7.225    u_control/display_mode[0]
    SLICE_X84Y55         LUT2 (Prop_lut2_I1_O)        0.119     7.344 f  u_control/alarm_select[1]_i_2/O
                         net (fo=3, routed)           0.375     7.719    u_alarm/seg[6]_i_51_0[0]
    SLICE_X86Y54         LUT6 (Prop_lut6_I5_O)        0.268     7.987 r  u_alarm/seg[6]_i_100/O
                         net (fo=1, routed)           0.471     8.459    u_alarm/seg[6]_i_100_n_0
    SLICE_X85Y54         LUT6 (Prop_lut6_I0_O)        0.105     8.564 f  u_alarm/seg[6]_i_51/O
                         net (fo=1, routed)           0.000     8.564    u_display/display_data[0]
    SLICE_X85Y54         MUXF7 (Prop_muxf7_I1_O)      0.182     8.746 f  u_display/seg_reg[6]_i_20/O
                         net (fo=1, routed)           0.456     9.201    u_display/seg_reg[6]_i_20_n_0
    SLICE_X80Y55         LUT6 (Prop_lut6_I1_O)        0.252     9.453 r  u_display/seg[6]_i_8/O
                         net (fo=7, routed)           0.937    10.390    u_control/seg_reg[0]
    SLICE_X78Y54         LUT4 (Prop_lut4_I3_O)        0.105    10.495 r  u_control/seg[2]_i_1/O
                         net (fo=1, routed)           0.000    10.495    u_display/seg_reg[6]_0[2]
    SLICE_X78Y54         FDSE                                         r  u_display/seg_reg[2]/D
  -------------------------------------------------------------------    -------------------

                         (clock sys_clk rise edge)   20.000    20.000 r  
    Y18                                               0.000    20.000 r  clk (IN)
                         net (fo=0)                   0.000    20.000    clk
    Y18                  IBUF (Prop_ibuf_I_O)         1.409    21.409 r  clk_IBUF_inst/O
                         net (fo=1, routed)           1.620    23.030    clk_IBUF
    BUFGCTRL_X0Y0        BUFG (Prop_bufg_I_O)         0.077    23.107 r  clk_IBUF_BUFG_inst/O
                         net (fo=391, routed)         1.341    24.447    u_display/clk_IBUF_BUFG
    SLICE_X78Y54         FDSE                                         r  u_display/seg_reg[2]/C
                         clock pessimism              0.243    24.691    
                         clock uncertainty           -0.035    24.655    
    SLICE_X78Y54         FDSE (Setup_fdse_C_D)        0.076    24.731    u_display/seg_reg[2]
  -------------------------------------------------------------------
                         required time                         24.731    
                         arrival time                         -10.495    
  -------------------------------------------------------------------
                         slack                                 14.236    

Slack (MET) :             14.240ns  (required time - arrival time)
  Source:                 u_control/display_mode_reg[0]/C
                            (rising edge-triggered cell FDRE clocked by sys_clk  {rise@0.000ns fall@10.000ns period=20.000ns})
  Destination:            u_display/seg_reg[5]/D
                            (rising edge-triggered cell FDSE clocked by sys_clk  {rise@0.000ns fall@10.000ns period=20.000ns})
  Path Group:             sys_clk
  Path Type:              Setup (Max at Slow Process Corner)
  Requirement:            20.000ns  (sys_clk rise@20.000ns - sys_clk rise@0.000ns)
  Data Path Delay:        5.804ns  (logic 1.478ns (25.466%)  route 4.326ns (74.534%))
  Logic Levels:           6  (LUT2=1 LUT4=1 LUT6=3 MUXF7=1)
  Clock Path Skew:        -0.027ns (DCD - SCD + CPR)
    Destination Clock Delay (DCD):    4.447ns = ( 24.447 - 20.000 ) 
    Source Clock Delay      (SCD):    4.718ns
    Clock Pessimism Removal (CPR):    0.243ns
  Clock Uncertainty:      0.035ns  ((TSJ^2 + TIJ^2)^1/2 + DJ) / 2 + PE
    Total System Jitter     (TSJ):    0.071ns
    Total Input Jitter      (TIJ):    0.000ns
    Discrete Jitter          (DJ):    0.000ns
    Phase Error              (PE):    0.000ns

    Location             Delay type                Incr(ns)  Path(ns)    Netlist Resource(s)
  -------------------------------------------------------------------    -------------------
                         (clock sys_clk rise edge)    0.000     0.000 r  
    Y18                                               0.000     0.000 r  clk (IN)
                         net (fo=0)                   0.000     0.000    clk
    Y18                  IBUF (Prop_ibuf_I_O)         1.476     1.476 r  clk_IBUF_inst/O
                         net (fo=1, routed)           1.709     3.185    clk_IBUF
    BUFGCTRL_X0Y0        BUFG (Prop_bufg_I_O)         0.081     3.266 r  clk_IBUF_BUFG_inst/O
                         net (fo=391, routed)         1.452     4.718    u_control/clk_IBUF_BUFG
    SLICE_X78Y56         FDRE                                         r  u_control/display_mode_reg[0]/C
  -------------------------------------------------------------------    -------------------
    SLICE_X78Y56         FDRE (Prop_fdre_C_Q)         0.433     5.151 r  u_control/display_mode_reg[0]/Q
                         net (fo=68, routed)          2.075     7.225    u_control/display_mode[0]
    SLICE_X84Y55         LUT2 (Prop_lut2_I1_O)        0.119     7.344 f  u_control/alarm_select[1]_i_2/O
                         net (fo=3, routed)           0.375     7.719    u_alarm/seg[6]_i_51_0[0]
    SLICE_X86Y54         LUT6 (Prop_lut6_I5_O)        0.268     7.987 r  u_alarm/seg[6]_i_100/O
                         net (fo=1, routed)           0.471     8.459    u_alarm/seg[6]_i_100_n_0
    SLICE_X85Y54         LUT6 (Prop_lut6_I0_O)        0.105     8.564 f  u_alarm/seg[6]_i_51/O
                         net (fo=1, routed)           0.000     8.564    u_display/display_data[0]
    SLICE_X85Y54         MUXF7 (Prop_muxf7_I1_O)      0.182     8.746 f  u_display/seg_reg[6]_i_20/O
                         net (fo=1, routed)           0.456     9.201    u_display/seg_reg[6]_i_20_n_0
    SLICE_X80Y55         LUT6 (Prop_lut6_I1_O)        0.252     9.453 r  u_display/seg[6]_i_8/O
                         net (fo=7, routed)           0.949    10.402    u_control/seg_reg[0]
    SLICE_X78Y54         LUT4 (Prop_lut4_I3_O)        0.119    10.521 r  u_control/seg[5]_i_1/O
                         net (fo=1, routed)           0.000    10.521    u_display/seg_reg[6]_0[5]
    SLICE_X78Y54         FDSE                                         r  u_display/seg_reg[5]/D
  -------------------------------------------------------------------    -------------------

                         (clock sys_clk rise edge)   20.000    20.000 r  
    Y18                                               0.000    20.000 r  clk (IN)
                         net (fo=0)                   0.000    20.000    clk
    Y18                  IBUF (Prop_ibuf_I_O)         1.409    21.409 r  clk_IBUF_inst/O
                         net (fo=1, routed)           1.620    23.030    clk_IBUF
    BUFGCTRL_X0Y0        BUFG (Prop_bufg_I_O)         0.077    23.107 r  clk_IBUF_BUFG_inst/O
                         net (fo=391, routed)         1.341    24.447    u_display/clk_IBUF_BUFG
    SLICE_X78Y54         FDSE                                         r  u_display/seg_reg[5]/C
                         clock pessimism              0.243    24.691    
                         clock uncertainty           -0.035    24.655    
    SLICE_X78Y54         FDSE (Setup_fdse_C_D)        0.106    24.761    u_display/seg_reg[5]
  -------------------------------------------------------------------
                         required time                         24.761    
                         arrival time                         -10.521    
  -------------------------------------------------------------------
                         slack                                 14.240    

Slack (MET) :             14.250ns  (required time - arrival time)
  Source:                 u_control/display_mode_reg[0]/C
                            (rising edge-triggered cell FDRE clocked by sys_clk  {rise@0.000ns fall@10.000ns period=20.000ns})
  Destination:            u_display/seg_reg[1]/D
                            (rising edge-triggered cell FDSE clocked by sys_clk  {rise@0.000ns fall@10.000ns period=20.000ns})
  Path Group:             sys_clk
  Path Type:              Setup (Max at Slow Process Corner)
  Requirement:            20.000ns  (sys_clk rise@20.000ns - sys_clk rise@0.000ns)
  Data Path Delay:        5.794ns  (logic 1.474ns (25.441%)  route 4.320ns (74.559%))
  Logic Levels:           6  (LUT2=1 LUT4=1 LUT6=3 MUXF7=1)
  Clock Path Skew:        -0.027ns (DCD - SCD + CPR)
    Destination Clock Delay (DCD):    4.447ns = ( 24.447 - 20.000 ) 
    Source Clock Delay      (SCD):    4.718ns
    Clock Pessimism Removal (CPR):    0.243ns
  Clock Uncertainty:      0.035ns  ((TSJ^2 + TIJ^2)^1/2 + DJ) / 2 + PE
    Total System Jitter     (TSJ):    0.071ns
    Total Input Jitter      (TIJ):    0.000ns
    Discrete Jitter          (DJ):    0.000ns
    Phase Error              (PE):    0.000ns

    Location             Delay type                Incr(ns)  Path(ns)    Netlist Resource(s)
  -------------------------------------------------------------------    -------------------
                         (clock sys_clk rise edge)    0.000     0.000 r  
    Y18                                               0.000     0.000 r  clk (IN)
                         net (fo=0)                   0.000     0.000    clk
    Y18                  IBUF (Prop_ibuf_I_O)         1.476     1.476 r  clk_IBUF_inst/O
                         net (fo=1, routed)           1.709     3.185    clk_IBUF
    BUFGCTRL_X0Y0        BUFG (Prop_bufg_I_O)         0.081     3.266 r  clk_IBUF_BUFG_inst/O
                         net (fo=391, routed)         1.452     4.718    u_control/clk_IBUF_BUFG
    SLICE_X78Y56         FDRE                                         r  u_control/display_mode_reg[0]/C
  -------------------------------------------------------------------    -------------------
    SLICE_X78Y56         FDRE (Prop_fdre_C_Q)         0.433     5.151 f  u_control/display_mode_reg[0]/Q
                         net (fo=68, routed)          2.075     7.225    u_control/display_mode[0]
    SLICE_X84Y55         LUT2 (Prop_lut2_I1_O)        0.119     7.344 r  u_control/alarm_select[1]_i_2/O
                         net (fo=3, routed)           0.375     7.719    u_alarm/seg[6]_i_51_0[0]
    SLICE_X86Y54         LUT6 (Prop_lut6_I5_O)        0.268     7.987 f  u_alarm/seg[6]_i_100/O
                         net (fo=1, routed)           0.471     8.459    u_alarm/seg[6]_i_100_n_0
    SLICE_X85Y54         LUT6 (Prop_lut6_I0_O)        0.105     8.564 r  u_alarm/seg[6]_i_51/O
                         net (fo=1, routed)           0.000     8.564    u_display/display_data[0]
    SLICE_X85Y54         MUXF7 (Prop_muxf7_I1_O)      0.182     8.746 r  u_display/seg_reg[6]_i_20/O
                         net (fo=1, routed)           0.456     9.201    u_display/seg_reg[6]_i_20_n_0
    SLICE_X80Y55         LUT6 (Prop_lut6_I1_O)        0.252     9.453 f  u_display/seg[6]_i_8/O
                         net (fo=7, routed)           0.943    10.396    u_control/seg_reg[0]
    SLICE_X78Y54         LUT4 (Prop_lut4_I1_O)        0.115    10.511 r  u_control/seg[1]_i_1/O
                         net (fo=1, routed)           0.000    10.511    u_display/seg_reg[6]_0[1]
    SLICE_X78Y54         FDSE                                         r  u_display/seg_reg[1]/D
  -------------------------------------------------------------------    -------------------

                         (clock sys_clk rise edge)   20.000    20.000 r  
    Y18                                               0.000    20.000 r  clk (IN)
                         net (fo=0)                   0.000    20.000    clk
    Y18                  IBUF (Prop_ibuf_I_O)         1.409    21.409 r  clk_IBUF_inst/O
                         net (fo=1, routed)           1.620    23.030    clk_IBUF
    BUFGCTRL_X0Y0        BUFG (Prop_bufg_I_O)         0.077    23.107 r  clk_IBUF_BUFG_inst/O
                         net (fo=391, routed)         1.341    24.447    u_display/clk_IBUF_BUFG
    SLICE_X78Y54         FDSE                                         r  u_display/seg_reg[1]/C
                         clock pessimism              0.243    24.691    
                         clock uncertainty           -0.035    24.655    
    SLICE_X78Y54         FDSE (Setup_fdse_C_D)        0.106    24.761    u_display/seg_reg[1]
  -------------------------------------------------------------------
                         required time                         24.761    
                         arrival time                         -10.511    
  -------------------------------------------------------------------
                         slack                                 14.250    

Slack (MET) :             14.255ns  (required time - arrival time)
  Source:                 u_control/display_mode_reg[0]/C
                            (rising edge-triggered cell FDRE clocked by sys_clk  {rise@0.000ns fall@10.000ns period=20.000ns})
  Destination:            u_display/seg_reg[3]/D
                            (rising edge-triggered cell FDSE clocked by sys_clk  {rise@0.000ns fall@10.000ns period=20.000ns})
  Path Group:             sys_clk
  Path Type:              Setup (Max at Slow Process Corner)
  Requirement:            20.000ns  (sys_clk rise@20.000ns - sys_clk rise@0.000ns)
  Data Path Delay:        5.789ns  (logic 1.475ns (25.480%)  route 4.314ns (74.520%))
  Logic Levels:           6  (LUT2=1 LUT4=1 LUT6=3 MUXF7=1)
  Clock Path Skew:        -0.027ns (DCD - SCD + CPR)
    Destination Clock Delay (DCD):    4.447ns = ( 24.447 - 20.000 ) 
    Source Clock Delay      (SCD):    4.718ns
    Clock Pessimism Removal (CPR):    0.243ns
  Clock Uncertainty:      0.035ns  ((TSJ^2 + TIJ^2)^1/2 + DJ) / 2 + PE
    Total System Jitter     (TSJ):    0.071ns
    Total Input Jitter      (TIJ):    0.000ns
    Discrete Jitter          (DJ):    0.000ns
    Phase Error              (PE):    0.000ns

    Location             Delay type                Incr(ns)  Path(ns)    Netlist Resource(s)
  -------------------------------------------------------------------    -------------------
                         (clock sys_clk rise edge)    0.000     0.000 r  
    Y18                                               0.000     0.000 r  clk (IN)
                         net (fo=0)                   0.000     0.000    clk
    Y18                  IBUF (Prop_ibuf_I_O)         1.476     1.476 r  clk_IBUF_inst/O
                         net (fo=1, routed)           1.709     3.185    clk_IBUF
    BUFGCTRL_X0Y0        BUFG (Prop_bufg_I_O)         0.081     3.266 r  clk_IBUF_BUFG_inst/O
                         net (fo=391, routed)         1.452     4.718    u_control/clk_IBUF_BUFG
    SLICE_X78Y56         FDRE                                         r  u_control/display_mode_reg[0]/C
  -------------------------------------------------------------------    -------------------
    SLICE_X78Y56         FDRE (Prop_fdre_C_Q)         0.433     5.151 r  u_control/display_mode_reg[0]/Q
                         net (fo=68, routed)          2.075     7.225    u_control/display_mode[0]
    SLICE_X84Y55         LUT2 (Prop_lut2_I1_O)        0.119     7.344 f  u_control/alarm_select[1]_i_2/O
                         net (fo=3, routed)           0.375     7.719    u_alarm/seg[6]_i_51_0[0]
    SLICE_X86Y54         LUT6 (Prop_lut6_I5_O)        0.268     7.987 r  u_alarm/seg[6]_i_100/O
                         net (fo=1, routed)           0.471     8.459    u_alarm/seg[6]_i_100_n_0
    SLICE_X85Y54         LUT6 (Prop_lut6_I0_O)        0.105     8.564 f  u_alarm/seg[6]_i_51/O
                         net (fo=1, routed)           0.000     8.564    u_display/display_data[0]
    SLICE_X85Y54         MUXF7 (Prop_muxf7_I1_O)      0.182     8.746 f  u_display/seg_reg[6]_i_20/O
                         net (fo=1, routed)           0.456     9.201    u_display/seg_reg[6]_i_20_n_0
    SLICE_X80Y55         LUT6 (Prop_lut6_I1_O)        0.252     9.453 r  u_display/seg[6]_i_8/O
                         net (fo=7, routed)           0.937    10.390    u_control/seg_reg[0]
    SLICE_X78Y54         LUT4 (Prop_lut4_I3_O)        0.116    10.506 r  u_control/seg[3]_i_1/O
                         net (fo=1, routed)           0.000    10.506    u_display/seg_reg[6]_0[3]
    SLICE_X78Y54         FDSE                                         r  u_display/seg_reg[3]/D
  -------------------------------------------------------------------    -------------------

                         (clock sys_clk rise edge)   20.000    20.000 r  
    Y18                                               0.000    20.000 r  clk (IN)
                         net (fo=0)                   0.000    20.000    clk
    Y18                  IBUF (Prop_ibuf_I_O)         1.409    21.409 r  clk_IBUF_inst/O
                         net (fo=1, routed)           1.620    23.030    clk_IBUF
    BUFGCTRL_X0Y0        BUFG (Prop_bufg_I_O)         0.077    23.107 r  clk_IBUF_BUFG_inst/O
                         net (fo=391, routed)         1.341    24.447    u_display/clk_IBUF_BUFG
    SLICE_X78Y54         FDSE                                         r  u_display/seg_reg[3]/C
                         clock pessimism              0.243    24.691    
                         clock uncertainty           -0.035    24.655    
    SLICE_X78Y54         FDSE (Setup_fdse_C_D)        0.106    24.761    u_display/seg_reg[3]
  -------------------------------------------------------------------
                         required time                         24.761    
                         arrival time                         -10.506    
  -------------------------------------------------------------------
                         slack                                 14.255    

Slack (MET) :             14.611ns  (required time - arrival time)
  Source:                 power_on_done_reg/C
                            (rising edge-triggered cell FDRE clocked by sys_clk  {rise@0.000ns fall@10.000ns period=20.000ns})
  Destination:            u_alarm/phase_count_reg[0]/R
                            (rising edge-triggered cell FDRE clocked by sys_clk  {rise@0.000ns fall@10.000ns period=20.000ns})
  Path Group:             sys_clk
  Path Type:              Setup (Max at Slow Process Corner)
  Requirement:            20.000ns  (sys_clk rise@20.000ns - sys_clk rise@0.000ns)
  Data Path Delay:        4.800ns  (logic 0.876ns (18.249%)  route 3.924ns (81.751%))
  Logic Levels:           3  (LUT4=1 LUT5=1 LUT6=1)
  Clock Path Skew:        -0.020ns (DCD - SCD + CPR)
    Destination Clock Delay (DCD):    4.458ns = ( 24.458 - 20.000 ) 
    Source Clock Delay      (SCD):    4.704ns
    Clock Pessimism Removal (CPR):    0.225ns
  Clock Uncertainty:      0.035ns  ((TSJ^2 + TIJ^2)^1/2 + DJ) / 2 + PE
    Total System Jitter     (TSJ):    0.071ns
    Total Input Jitter      (TIJ):    0.000ns
    Discrete Jitter          (DJ):    0.000ns
    Phase Error              (PE):    0.000ns

    Location             Delay type                Incr(ns)  Path(ns)    Netlist Resource(s)
  -------------------------------------------------------------------    -------------------
                         (clock sys_clk rise edge)    0.000     0.000 r  
    Y18                                               0.000     0.000 r  clk (IN)
                         net (fo=0)                   0.000     0.000    clk
    Y18                  IBUF (Prop_ibuf_I_O)         1.476     1.476 r  clk_IBUF_inst/O
                         net (fo=1, routed)           1.709     3.185    clk_IBUF
    BUFGCTRL_X0Y0        BUFG (Prop_bufg_I_O)         0.081     3.266 r  clk_IBUF_BUFG_inst/O
                         net (fo=391, routed)         1.438     4.704    clk_IBUF_BUFG
    SLICE_X72Y66         FDRE                                         r  power_on_done_reg/C
  -------------------------------------------------------------------    -------------------
    SLICE_X72Y66         FDRE (Prop_fdre_C_Q)         0.379     5.083 f  power_on_done_reg/Q
                         net (fo=3, routed)           0.548     5.631    u_display/refresh_count_reg[0]_0
    SLICE_X72Y64         LUT6 (Prop_lut6_I0_O)        0.105     5.736 r  u_display/sync0[3]_i_1/O
                         net (fo=155, routed)         1.644     7.380    u_control/rst
    SLICE_X77Y56         LUT4 (Prop_lut4_I3_O)        0.108     7.488 r  u_control/waiting_i_4/O
                         net (fo=4, routed)           1.182     8.669    u_alarm/waiting_reg_0
    SLICE_X88Y56         LUT5 (Prop_lut5_I0_O)        0.284     8.953 r  u_alarm/phase_count[3]_i_1/O
                         net (fo=4, routed)           0.550     9.504    u_alarm/phase_count[3]_i_1_n_0
    SLICE_X89Y56         FDRE                                         r  u_alarm/phase_count_reg[0]/R
  -------------------------------------------------------------------    -------------------

                         (clock sys_clk rise edge)   20.000    20.000 r  
    Y18                                               0.000    20.000 r  clk (IN)
                         net (fo=0)                   0.000    20.000    clk
    Y18                  IBUF (Prop_ibuf_I_O)         1.409    21.409 r  clk_IBUF_inst/O
                         net (fo=1, routed)           1.620    23.030    clk_IBUF
    BUFGCTRL_X0Y0        BUFG (Prop_bufg_I_O)         0.077    23.107 r  clk_IBUF_BUFG_inst/O
                         net (fo=391, routed)         1.352    24.458    u_alarm/clk_IBUF_BUFG
    SLICE_X89Y56         FDRE                                         r  u_alarm/phase_count_reg[0]/C
                         clock pessimism              0.225    24.684    
                         clock uncertainty           -0.035    24.648    
    SLICE_X89Y56         FDRE (Setup_fdre_C_R)       -0.533    24.115    u_alarm/phase_count_reg[0]
  -------------------------------------------------------------------
                         required time                         24.115    
                         arrival time                          -9.504    
  -------------------------------------------------------------------
                         slack                                 14.611    

Slack (MET) :             14.611ns  (required time - arrival time)
  Source:                 power_on_done_reg/C
                            (rising edge-triggered cell FDRE clocked by sys_clk  {rise@0.000ns fall@10.000ns period=20.000ns})
  Destination:            u_alarm/phase_count_reg[1]/R
                            (rising edge-triggered cell FDRE clocked by sys_clk  {rise@0.000ns fall@10.000ns period=20.000ns})
  Path Group:             sys_clk
  Path Type:              Setup (Max at Slow Process Corner)
  Requirement:            20.000ns  (sys_clk rise@20.000ns - sys_clk rise@0.000ns)
  Data Path Delay:        4.800ns  (logic 0.876ns (18.249%)  route 3.924ns (81.751%))
  Logic Levels:           3  (LUT4=1 LUT5=1 LUT6=1)
  Clock Path Skew:        -0.020ns (DCD - SCD + CPR)
    Destination Clock Delay (DCD):    4.458ns = ( 24.458 - 20.000 ) 
    Source Clock Delay      (SCD):    4.704ns
    Clock Pessimism Removal (CPR):    0.225ns
  Clock Uncertainty:      0.035ns  ((TSJ^2 + TIJ^2)^1/2 + DJ) / 2 + PE
    Total System Jitter     (TSJ):    0.071ns
    Total Input Jitter      (TIJ):    0.000ns
    Discrete Jitter          (DJ):    0.000ns
    Phase Error              (PE):    0.000ns

    Location             Delay type                Incr(ns)  Path(ns)    Netlist Resource(s)
  -------------------------------------------------------------------    -------------------
                         (clock sys_clk rise edge)    0.000     0.000 r  
    Y18                                               0.000     0.000 r  clk (IN)
                         net (fo=0)                   0.000     0.000    clk
    Y18                  IBUF (Prop_ibuf_I_O)         1.476     1.476 r  clk_IBUF_inst/O
                         net (fo=1, routed)           1.709     3.185    clk_IBUF
    BUFGCTRL_X0Y0        BUFG (Prop_bufg_I_O)         0.081     3.266 r  clk_IBUF_BUFG_inst/O
                         net (fo=391, routed)         1.438     4.704    clk_IBUF_BUFG
    SLICE_X72Y66         FDRE                                         r  power_on_done_reg/C
  -------------------------------------------------------------------    -------------------
    SLICE_X72Y66         FDRE (Prop_fdre_C_Q)         0.379     5.083 f  power_on_done_reg/Q
                         net (fo=3, routed)           0.548     5.631    u_display/refresh_count_reg[0]_0
    SLICE_X72Y64         LUT6 (Prop_lut6_I0_O)        0.105     5.736 r  u_display/sync0[3]_i_1/O
                         net (fo=155, routed)         1.644     7.380    u_control/rst
    SLICE_X77Y56         LUT4 (Prop_lut4_I3_O)        0.108     7.488 r  u_control/waiting_i_4/O
                         net (fo=4, routed)           1.182     8.669    u_alarm/waiting_reg_0
    SLICE_X88Y56         LUT5 (Prop_lut5_I0_O)        0.284     8.953 r  u_alarm/phase_count[3]_i_1/O
                         net (fo=4, routed)           0.550     9.504    u_alarm/phase_count[3]_i_1_n_0
    SLICE_X89Y56         FDRE                                         r  u_alarm/phase_count_reg[1]/R
  -------------------------------------------------------------------    -------------------

                         (clock sys_clk rise edge)   20.000    20.000 r  
    Y18                                               0.000    20.000 r  clk (IN)
                         net (fo=0)                   0.000    20.000    clk
    Y18                  IBUF (Prop_ibuf_I_O)         1.409    21.409 r  clk_IBUF_inst/O
                         net (fo=1, routed)           1.620    23.030    clk_IBUF
    BUFGCTRL_X0Y0        BUFG (Prop_bufg_I_O)         0.077    23.107 r  clk_IBUF_BUFG_inst/O
                         net (fo=391, routed)         1.352    24.458    u_alarm/clk_IBUF_BUFG
    SLICE_X89Y56         FDRE                                         r  u_alarm/phase_count_reg[1]/C
                         clock pessimism              0.225    24.684    
                         clock uncertainty           -0.035    24.648    
    SLICE_X89Y56         FDRE (Setup_fdre_C_R)       -0.533    24.115    u_alarm/phase_count_reg[1]
  -------------------------------------------------------------------
                         required time                         24.115    
                         arrival time                          -9.504    
  -------------------------------------------------------------------
                         slack                                 14.611    

Slack (MET) :             14.611ns  (required time - arrival time)
  Source:                 power_on_done_reg/C
                            (rising edge-triggered cell FDRE clocked by sys_clk  {rise@0.000ns fall@10.000ns period=20.000ns})
  Destination:            u_alarm/phase_count_reg[2]/R
                            (rising edge-triggered cell FDRE clocked by sys_clk  {rise@0.000ns fall@10.000ns period=20.000ns})
  Path Group:             sys_clk
  Path Type:              Setup (Max at Slow Process Corner)
  Requirement:            20.000ns  (sys_clk rise@20.000ns - sys_clk rise@0.000ns)
  Data Path Delay:        4.800ns  (logic 0.876ns (18.249%)  route 3.924ns (81.751%))
  Logic Levels:           3  (LUT4=1 LUT5=1 LUT6=1)
  Clock Path Skew:        -0.020ns (DCD - SCD + CPR)
    Destination Clock Delay (DCD):    4.458ns = ( 24.458 - 20.000 ) 
    Source Clock Delay      (SCD):    4.704ns
    Clock Pessimism Removal (CPR):    0.225ns
  Clock Uncertainty:      0.035ns  ((TSJ^2 + TIJ^2)^1/2 + DJ) / 2 + PE
    Total System Jitter     (TSJ):    0.071ns
    Total Input Jitter      (TIJ):    0.000ns
    Discrete Jitter          (DJ):    0.000ns
    Phase Error              (PE):    0.000ns

    Location             Delay type                Incr(ns)  Path(ns)    Netlist Resource(s)
  -------------------------------------------------------------------    -------------------
                         (clock sys_clk rise edge)    0.000     0.000 r  
    Y18                                               0.000     0.000 r  clk (IN)
                         net (fo=0)                   0.000     0.000    clk
    Y18                  IBUF (Prop_ibuf_I_O)         1.476     1.476 r  clk_IBUF_inst/O
                         net (fo=1, routed)           1.709     3.185    clk_IBUF
    BUFGCTRL_X0Y0        BUFG (Prop_bufg_I_O)         0.081     3.266 r  clk_IBUF_BUFG_inst/O
                         net (fo=391, routed)         1.438     4.704    clk_IBUF_BUFG
    SLICE_X72Y66         FDRE                                         r  power_on_done_reg/C
  -------------------------------------------------------------------    -------------------
    SLICE_X72Y66         FDRE (Prop_fdre_C_Q)         0.379     5.083 f  power_on_done_reg/Q
                         net (fo=3, routed)           0.548     5.631    u_display/refresh_count_reg[0]_0
    SLICE_X72Y64         LUT6 (Prop_lut6_I0_O)        0.105     5.736 r  u_display/sync0[3]_i_1/O
                         net (fo=155, routed)         1.644     7.380    u_control/rst
    SLICE_X77Y56         LUT4 (Prop_lut4_I3_O)        0.108     7.488 r  u_control/waiting_i_4/O
                         net (fo=4, routed)           1.182     8.669    u_alarm/waiting_reg_0
    SLICE_X88Y56         LUT5 (Prop_lut5_I0_O)        0.284     8.953 r  u_alarm/phase_count[3]_i_1/O
                         net (fo=4, routed)           0.550     9.504    u_alarm/phase_count[3]_i_1_n_0
    SLICE_X89Y56         FDRE                                         r  u_alarm/phase_count_reg[2]/R
  -------------------------------------------------------------------    -------------------

                         (clock sys_clk rise edge)   20.000    20.000 r  
    Y18                                               0.000    20.000 r  clk (IN)
                         net (fo=0)                   0.000    20.000    clk
    Y18                  IBUF (Prop_ibuf_I_O)         1.409    21.409 r  clk_IBUF_inst/O
                         net (fo=1, routed)           1.620    23.030    clk_IBUF
    BUFGCTRL_X0Y0        BUFG (Prop_bufg_I_O)         0.077    23.107 r  clk_IBUF_BUFG_inst/O
                         net (fo=391, routed)         1.352    24.458    u_alarm/clk_IBUF_BUFG
    SLICE_X89Y56         FDRE                                         r  u_alarm/phase_count_reg[2]/C
                         clock pessimism              0.225    24.684    
                         clock uncertainty           -0.035    24.648    
    SLICE_X89Y56         FDRE (Setup_fdre_C_R)       -0.533    24.115    u_alarm/phase_count_reg[2]
  -------------------------------------------------------------------
                         required time                         24.115    
                         arrival time                          -9.504    
  -------------------------------------------------------------------
                         slack                                 14.611    

Slack (MET) :             14.611ns  (required time - arrival time)
  Source:                 power_on_done_reg/C
                            (rising edge-triggered cell FDRE clocked by sys_clk  {rise@0.000ns fall@10.000ns period=20.000ns})
  Destination:            u_alarm/phase_count_reg[3]/R
                            (rising edge-triggered cell FDRE clocked by sys_clk  {rise@0.000ns fall@10.000ns period=20.000ns})
  Path Group:             sys_clk
  Path Type:              Setup (Max at Slow Process Corner)
  Requirement:            20.000ns  (sys_clk rise@20.000ns - sys_clk rise@0.000ns)
  Data Path Delay:        4.800ns  (logic 0.876ns (18.249%)  route 3.924ns (81.751%))
  Logic Levels:           3  (LUT4=1 LUT5=1 LUT6=1)
  Clock Path Skew:        -0.020ns (DCD - SCD + CPR)
    Destination Clock Delay (DCD):    4.458ns = ( 24.458 - 20.000 ) 
    Source Clock Delay      (SCD):    4.704ns
    Clock Pessimism Removal (CPR):    0.225ns
  Clock Uncertainty:      0.035ns  ((TSJ^2 + TIJ^2)^1/2 + DJ) / 2 + PE
    Total System Jitter     (TSJ):    0.071ns
    Total Input Jitter      (TIJ):    0.000ns
    Discrete Jitter          (DJ):    0.000ns
    Phase Error              (PE):    0.000ns

    Location             Delay type                Incr(ns)  Path(ns)    Netlist Resource(s)
  -------------------------------------------------------------------    -------------------
                         (clock sys_clk rise edge)    0.000     0.000 r  
    Y18                                               0.000     0.000 r  clk (IN)
                         net (fo=0)                   0.000     0.000    clk
    Y18                  IBUF (Prop_ibuf_I_O)         1.476     1.476 r  clk_IBUF_inst/O
                         net (fo=1, routed)           1.709     3.185    clk_IBUF
    BUFGCTRL_X0Y0        BUFG (Prop_bufg_I_O)         0.081     3.266 r  clk_IBUF_BUFG_inst/O
                         net (fo=391, routed)         1.438     4.704    clk_IBUF_BUFG
    SLICE_X72Y66         FDRE                                         r  power_on_done_reg/C
  -------------------------------------------------------------------    -------------------
    SLICE_X72Y66         FDRE (Prop_fdre_C_Q)         0.379     5.083 f  power_on_done_reg/Q
                         net (fo=3, routed)           0.548     5.631    u_display/refresh_count_reg[0]_0
    SLICE_X72Y64         LUT6 (Prop_lut6_I0_O)        0.105     5.736 r  u_display/sync0[3]_i_1/O
                         net (fo=155, routed)         1.644     7.380    u_control/rst
    SLICE_X77Y56         LUT4 (Prop_lut4_I3_O)        0.108     7.488 r  u_control/waiting_i_4/O
                         net (fo=4, routed)           1.182     8.669    u_alarm/waiting_reg_0
    SLICE_X88Y56         LUT5 (Prop_lut5_I0_O)        0.284     8.953 r  u_alarm/phase_count[3]_i_1/O
                         net (fo=4, routed)           0.550     9.504    u_alarm/phase_count[3]_i_1_n_0
    SLICE_X89Y56         FDRE                                         r  u_alarm/phase_count_reg[3]/R
  -------------------------------------------------------------------    -------------------

                         (clock sys_clk rise edge)   20.000    20.000 r  
    Y18                                               0.000    20.000 r  clk (IN)
                         net (fo=0)                   0.000    20.000    clk
    Y18                  IBUF (Prop_ibuf_I_O)         1.409    21.409 r  clk_IBUF_inst/O
                         net (fo=1, routed)           1.620    23.030    clk_IBUF
    BUFGCTRL_X0Y0        BUFG (Prop_bufg_I_O)         0.077    23.107 r  clk_IBUF_BUFG_inst/O
                         net (fo=391, routed)         1.352    24.458    u_alarm/clk_IBUF_BUFG
    SLICE_X89Y56         FDRE                                         r  u_alarm/phase_count_reg[3]/C
                         clock pessimism              0.225    24.684    
                         clock uncertainty           -0.035    24.648    
    SLICE_X89Y56         FDRE (Setup_fdre_C_R)       -0.533    24.115    u_alarm/phase_count_reg[3]
  -------------------------------------------------------------------
                         required time                         24.115    
                         arrival time                          -9.504    
  -------------------------------------------------------------------
                         slack                                 14.611    





Min Delay Paths
--------------------------------------------------------------------------------------
Slack (MET) :             0.129ns  (arrival time - required time)
  Source:                 u_display/blink_count_reg[22]/C
                            (rising edge-triggered cell FDRE clocked by sys_clk  {rise@0.000ns fall@10.000ns period=20.000ns})
  Destination:            u_display/blink_on_reg/D
                            (rising edge-triggered cell FDSE clocked by sys_clk  {rise@0.000ns fall@10.000ns period=20.000ns})
  Path Group:             sys_clk
  Path Type:              Hold (Min at Fast Process Corner)
  Requirement:            0.000ns  (sys_clk rise@0.000ns - sys_clk rise@0.000ns)
  Data Path Delay:        0.262ns  (logic 0.186ns (70.947%)  route 0.076ns (29.053%))
  Logic Levels:           1  (LUT6=1)
  Clock Path Skew:        0.013ns (DCD - SCD - CPR)
    Destination Clock Delay (DCD):    2.092ns
    Source Clock Delay      (SCD):    1.573ns
    Clock Pessimism Removal (CPR):    0.506ns

    Location             Delay type                Incr(ns)  Path(ns)    Netlist Resource(s)
  -------------------------------------------------------------------    -------------------
                         (clock sys_clk rise edge)    0.000     0.000 r  
    Y18                                               0.000     0.000 r  clk (IN)
                         net (fo=0)                   0.000     0.000    clk
    Y18                  IBUF (Prop_ibuf_I_O)         0.312     0.312 r  clk_IBUF_inst/O
                         net (fo=1, routed)           0.640     0.952    clk_IBUF
    BUFGCTRL_X0Y0        BUFG (Prop_bufg_I_O)         0.026     0.978 r  clk_IBUF_BUFG_inst/O
                         net (fo=391, routed)         0.595     1.573    u_display/clk_IBUF_BUFG
    SLICE_X77Y53         FDRE                                         r  u_display/blink_count_reg[22]/C
  -------------------------------------------------------------------    -------------------
    SLICE_X77Y53         FDRE (Prop_fdre_C_Q)         0.141     1.714 r  u_display/blink_count_reg[22]/Q
                         net (fo=3, routed)           0.076     1.790    u_display/blink_count_reg[22]
    SLICE_X76Y53         LUT6 (Prop_lut6_I2_O)        0.045     1.835 r  u_display/blink_on_i_1/O
                         net (fo=1, routed)           0.000     1.835    u_display/blink_on_i_1_n_0
    SLICE_X76Y53         FDSE                                         r  u_display/blink_on_reg/D
  -------------------------------------------------------------------    -------------------

                         (clock sys_clk rise edge)    0.000     0.000 r  
    Y18                                               0.000     0.000 r  clk (IN)
                         net (fo=0)                   0.000     0.000    clk
    Y18                  IBUF (Prop_ibuf_I_O)         0.501     0.501 r  clk_IBUF_inst/O
                         net (fo=1, routed)           0.695     1.195    clk_IBUF
    BUFGCTRL_X0Y0        BUFG (Prop_bufg_I_O)         0.029     1.224 r  clk_IBUF_BUFG_inst/O
                         net (fo=391, routed)         0.868     2.092    u_display/clk_IBUF_BUFG
    SLICE_X76Y53         FDSE                                         r  u_display/blink_on_reg/C
                         clock pessimism             -0.506     1.586    
    SLICE_X76Y53         FDSE (Hold_fdse_C_D)         0.120     1.706    u_display/blink_on_reg
  -------------------------------------------------------------------
                         required time                         -1.706    
                         arrival time                           1.835    
  -------------------------------------------------------------------
                         slack                                  0.129    

Slack (MET) :             0.137ns  (arrival time - required time)
  Source:                 u_date/year_reg[0]/C
                            (rising edge-triggered cell FDRE clocked by sys_clk  {rise@0.000ns fall@10.000ns period=20.000ns})
  Destination:            u_date/year_reg[2]/D
                            (rising edge-triggered cell FDRE clocked by sys_clk  {rise@0.000ns fall@10.000ns period=20.000ns})
  Path Group:             sys_clk
  Path Type:              Hold (Min at Fast Process Corner)
  Requirement:            0.000ns  (sys_clk rise@0.000ns - sys_clk rise@0.000ns)
  Data Path Delay:        0.472ns  (logic 0.186ns (39.433%)  route 0.286ns (60.567%))
  Logic Levels:           1  (LUT6=1)
  Clock Path Skew:        0.213ns (DCD - SCD - CPR)
    Destination Clock Delay (DCD):    2.097ns
    Source Clock Delay      (SCD):    1.632ns
    Clock Pessimism Removal (CPR):    0.251ns

    Location             Delay type                Incr(ns)  Path(ns)    Netlist Resource(s)
  -------------------------------------------------------------------    -------------------
                         (clock sys_clk rise edge)    0.000     0.000 r  
    Y18                                               0.000     0.000 r  clk (IN)
                         net (fo=0)                   0.000     0.000    clk
    Y18                  IBUF (Prop_ibuf_I_O)         0.312     0.312 r  clk_IBUF_inst/O
                         net (fo=1, routed)           0.640     0.952    clk_IBUF
    BUFGCTRL_X0Y0        BUFG (Prop_bufg_I_O)         0.026     0.978 r  clk_IBUF_BUFG_inst/O
                         net (fo=391, routed)         0.654     1.632    u_date/clk_IBUF_BUFG
    SLICE_X79Y49         FDRE                                         r  u_date/year_reg[0]/C
  -------------------------------------------------------------------    -------------------
    SLICE_X79Y49         FDRE (Prop_fdre_C_Q)         0.141     1.773 r  u_date/year_reg[0]/Q
                         net (fo=17, routed)          0.286     2.059    u_date/year_reg[0]_0[0]
    SLICE_X80Y50         LUT6 (Prop_lut6_I4_O)        0.045     2.104 r  u_date/year[2]_i_1/O
                         net (fo=1, routed)           0.000     2.104    u_date/year[2]_i_1_n_0
    SLICE_X80Y50         FDRE                                         r  u_date/year_reg[2]/D
  -------------------------------------------------------------------    -------------------

                         (clock sys_clk rise edge)    0.000     0.000 r  
    Y18                                               0.000     0.000 r  clk (IN)
                         net (fo=0)                   0.000     0.000    clk
    Y18                  IBUF (Prop_ibuf_I_O)         0.501     0.501 r  clk_IBUF_inst/O
                         net (fo=1, routed)           0.695     1.195    clk_IBUF
    BUFGCTRL_X0Y0        BUFG (Prop_bufg_I_O)         0.029     1.224 r  clk_IBUF_BUFG_inst/O
                         net (fo=391, routed)         0.873     2.097    u_date/clk_IBUF_BUFG
    SLICE_X80Y50         FDRE                                         r  u_date/year_reg[2]/C
                         clock pessimism             -0.251     1.846    
    SLICE_X80Y50         FDRE (Hold_fdre_C_D)         0.121     1.967    u_date/year_reg[2]
  -------------------------------------------------------------------
                         required time                         -1.967    
                         arrival time                           2.104    
  -------------------------------------------------------------------
                         slack                                  0.137    

Slack (MET) :             0.158ns  (arrival time - required time)
  Source:                 u_display/blink_count_reg[7]/C
                            (rising edge-triggered cell FDRE clocked by sys_clk  {rise@0.000ns fall@10.000ns period=20.000ns})
  Destination:            u_display/blink_count_reg[8]/D
                            (rising edge-triggered cell FDRE clocked by sys_clk  {rise@0.000ns fall@10.000ns period=20.000ns})
  Path Group:             sys_clk
  Path Type:              Hold (Min at Fast Process Corner)
  Requirement:            0.000ns  (sys_clk rise@0.000ns - sys_clk rise@0.000ns)
  Data Path Delay:        0.473ns  (logic 0.355ns (75.099%)  route 0.118ns (24.901%))
  Logic Levels:           2  (CARRY4=2)
  Clock Path Skew:        0.209ns (DCD - SCD - CPR)
    Destination Clock Delay (DCD):    2.093ns
    Source Clock Delay      (SCD):    1.632ns
    Clock Pessimism Removal (CPR):    0.251ns

    Location             Delay type                Incr(ns)  Path(ns)    Netlist Resource(s)
  -------------------------------------------------------------------    -------------------
                         (clock sys_clk rise edge)    0.000     0.000 r  
    Y18                                               0.000     0.000 r  clk (IN)
                         net (fo=0)                   0.000     0.000    clk
    Y18                  IBUF (Prop_ibuf_I_O)         0.312     0.312 r  clk_IBUF_inst/O
                         net (fo=1, routed)           0.640     0.952    clk_IBUF
    BUFGCTRL_X0Y0        BUFG (Prop_bufg_I_O)         0.026     0.978 r  clk_IBUF_BUFG_inst/O
                         net (fo=391, routed)         0.654     1.632    u_display/clk_IBUF_BUFG
    SLICE_X77Y49         FDRE                                         r  u_display/blink_count_reg[7]/C
  -------------------------------------------------------------------    -------------------
    SLICE_X77Y49         FDRE (Prop_fdre_C_Q)         0.141     1.773 r  u_display/blink_count_reg[7]/Q
                         net (fo=2, routed)           0.117     1.890    u_display/blink_count_reg[7]
    SLICE_X77Y49         CARRY4 (Prop_carry4_S[3]_CO[3])
                                                      0.160     2.050 r  u_display/blink_count_reg[4]_i_1/CO[3]
                         net (fo=1, routed)           0.001     2.051    u_display/blink_count_reg[4]_i_1_n_0
    SLICE_X77Y50         CARRY4 (Prop_carry4_CI_O[0])
                                                      0.054     2.105 r  u_display/blink_count_reg[8]_i_1/O[0]
                         net (fo=1, routed)           0.000     2.105    u_display/blink_count_reg[8]_i_1_n_7
    SLICE_X77Y50         FDRE                                         r  u_display/blink_count_reg[8]/D
  -------------------------------------------------------------------    -------------------

                         (clock sys_clk rise edge)    0.000     0.000 r  
    Y18                                               0.000     0.000 r  clk (IN)
                         net (fo=0)                   0.000     0.000    clk
    Y18                  IBUF (Prop_ibuf_I_O)         0.501     0.501 r  clk_IBUF_inst/O
                         net (fo=1, routed)           0.695     1.195    clk_IBUF
    BUFGCTRL_X0Y0        BUFG (Prop_bufg_I_O)         0.029     1.224 r  clk_IBUF_BUFG_inst/O
                         net (fo=391, routed)         0.869     2.093    u_display/clk_IBUF_BUFG
    SLICE_X77Y50         FDRE                                         r  u_display/blink_count_reg[8]/C
                         clock pessimism             -0.251     1.842    
    SLICE_X77Y50         FDRE (Hold_fdre_C_D)         0.105     1.947    u_display/blink_count_reg[8]
  -------------------------------------------------------------------
                         required time                         -1.947    
                         arrival time                           2.105    
  -------------------------------------------------------------------
                         slack                                  0.158    

Slack (MET) :             0.160ns  (arrival time - required time)
  Source:                 u_key_driver/sync1_reg[2]/C
                            (rising edge-triggered cell FDSE clocked by sys_clk  {rise@0.000ns fall@10.000ns period=20.000ns})
  Destination:            u_key_driver/stable_reg[2]/D
                            (rising edge-triggered cell FDSE clocked by sys_clk  {rise@0.000ns fall@10.000ns period=20.000ns})
  Path Group:             sys_clk
  Path Type:              Hold (Min at Fast Process Corner)
  Requirement:            0.000ns  (sys_clk rise@0.000ns - sys_clk rise@0.000ns)
  Data Path Delay:        0.322ns  (logic 0.186ns (57.682%)  route 0.136ns (42.318%))
  Logic Levels:           1  (LUT3=1)
  Clock Path Skew:        0.041ns (DCD - SCD - CPR)
    Destination Clock Delay (DCD):    2.092ns
    Source Clock Delay      (SCD):    1.571ns
    Clock Pessimism Removal (CPR):    0.480ns

    Location             Delay type                Incr(ns)  Path(ns)    Netlist Resource(s)
  -------------------------------------------------------------------    -------------------
                         (clock sys_clk rise edge)    0.000     0.000 r  
    Y18                                               0.000     0.000 r  clk (IN)
                         net (fo=0)                   0.000     0.000    clk
    Y18                  IBUF (Prop_ibuf_I_O)         0.312     0.312 r  clk_IBUF_inst/O
                         net (fo=1, routed)           0.640     0.952    clk_IBUF
    BUFGCTRL_X0Y0        BUFG (Prop_bufg_I_O)         0.026     0.978 r  clk_IBUF_BUFG_inst/O
                         net (fo=391, routed)         0.593     1.571    u_key_driver/clk_IBUF_BUFG
    SLICE_X72Y54         FDSE                                         r  u_key_driver/sync1_reg[2]/C
  -------------------------------------------------------------------    -------------------
    SLICE_X72Y54         FDSE (Prop_fdse_C_Q)         0.141     1.712 r  u_key_driver/sync1_reg[2]/Q
                         net (fo=3, routed)           0.136     1.848    u_key_driver/p_1_in1_in
    SLICE_X74Y54         LUT3 (Prop_lut3_I1_O)        0.045     1.893 r  u_key_driver/stable[2]_i_1/O
                         net (fo=1, routed)           0.000     1.893    u_key_driver/stable[2]_i_1_n_0
    SLICE_X74Y54         FDSE                                         r  u_key_driver/stable_reg[2]/D
  -------------------------------------------------------------------    -------------------

                         (clock sys_clk rise edge)    0.000     0.000 r  
    Y18                                               0.000     0.000 r  clk (IN)
                         net (fo=0)                   0.000     0.000    clk
    Y18                  IBUF (Prop_ibuf_I_O)         0.501     0.501 r  clk_IBUF_inst/O
                         net (fo=1, routed)           0.695     1.195    clk_IBUF
    BUFGCTRL_X0Y0        BUFG (Prop_bufg_I_O)         0.029     1.224 r  clk_IBUF_BUFG_inst/O
                         net (fo=391, routed)         0.868     2.092    u_key_driver/clk_IBUF_BUFG
    SLICE_X74Y54         FDSE                                         r  u_key_driver/stable_reg[2]/C
                         clock pessimism             -0.480     1.612    
    SLICE_X74Y54         FDSE (Hold_fdse_C_D)         0.121     1.733    u_key_driver/stable_reg[2]
  -------------------------------------------------------------------
                         required time                         -1.733    
                         arrival time                           1.893    
  -------------------------------------------------------------------
                         slack                                  0.160    

Slack (MET) :             0.169ns  (arrival time - required time)
  Source:                 u_display/blink_count_reg[7]/C
                            (rising edge-triggered cell FDRE clocked by sys_clk  {rise@0.000ns fall@10.000ns period=20.000ns})
  Destination:            u_display/blink_count_reg[10]/D
                            (rising edge-triggered cell FDRE clocked by sys_clk  {rise@0.000ns fall@10.000ns period=20.000ns})
  Path Group:             sys_clk
  Path Type:              Hold (Min at Fast Process Corner)
  Requirement:            0.000ns  (sys_clk rise@0.000ns - sys_clk rise@0.000ns)
  Data Path Delay:        0.484ns  (logic 0.366ns (75.666%)  route 0.118ns (24.334%))
  Logic Levels:           2  (CARRY4=2)
  Clock Path Skew:        0.209ns (DCD - SCD - CPR)
    Destination Clock Delay (DCD):    2.093ns
    Source Clock Delay      (SCD):    1.632ns
    Clock Pessimism Removal (CPR):    0.251ns

    Location             Delay type                Incr(ns)  Path(ns)    Netlist Resource(s)
  -------------------------------------------------------------------    -------------------
                         (clock sys_clk rise edge)    0.000     0.000 r  
    Y18                                               0.000     0.000 r  clk (IN)
                         net (fo=0)                   0.000     0.000    clk
    Y18                  IBUF (Prop_ibuf_I_O)         0.312     0.312 r  clk_IBUF_inst/O
                         net (fo=1, routed)           0.640     0.952    clk_IBUF
    BUFGCTRL_X0Y0        BUFG (Prop_bufg_I_O)         0.026     0.978 r  clk_IBUF_BUFG_inst/O
                         net (fo=391, routed)         0.654     1.632    u_display/clk_IBUF_BUFG
    SLICE_X77Y49         FDRE                                         r  u_display/blink_count_reg[7]/C
  -------------------------------------------------------------------    -------------------
    SLICE_X77Y49         FDRE (Prop_fdre_C_Q)         0.141     1.773 r  u_display/blink_count_reg[7]/Q
                         net (fo=2, routed)           0.117     1.890    u_display/blink_count_reg[7]
    SLICE_X77Y49         CARRY4 (Prop_carry4_S[3]_CO[3])
                                                      0.160     2.050 r  u_display/blink_count_reg[4]_i_1/CO[3]
                         net (fo=1, routed)           0.001     2.051    u_display/blink_count_reg[4]_i_1_n_0
    SLICE_X77Y50         CARRY4 (Prop_carry4_CI_O[2])
                                                      0.065     2.116 r  u_display/blink_count_reg[8]_i_1/O[2]
                         net (fo=1, routed)           0.000     2.116    u_display/blink_count_reg[8]_i_1_n_5
    SLICE_X77Y50         FDRE                                         r  u_display/blink_count_reg[10]/D
  -------------------------------------------------------------------    -------------------

                         (clock sys_clk rise edge)    0.000     0.000 r  
    Y18                                               0.000     0.000 r  clk (IN)
                         net (fo=0)                   0.000     0.000    clk
    Y18                  IBUF (Prop_ibuf_I_O)         0.501     0.501 r  clk_IBUF_inst/O
                         net (fo=1, routed)           0.695     1.195    clk_IBUF
    BUFGCTRL_X0Y0        BUFG (Prop_bufg_I_O)         0.029     1.224 r  clk_IBUF_BUFG_inst/O
                         net (fo=391, routed)         0.869     2.093    u_display/clk_IBUF_BUFG
    SLICE_X77Y50         FDRE                                         r  u_display/blink_count_reg[10]/C
                         clock pessimism             -0.251     1.842    
    SLICE_X77Y50         FDRE (Hold_fdre_C_D)         0.105     1.947    u_display/blink_count_reg[10]
  -------------------------------------------------------------------
                         required time                         -1.947    
                         arrival time                           2.116    
  -------------------------------------------------------------------
                         slack                                  0.169    

Slack (MET) :             0.177ns  (arrival time - required time)
  Source:                 u_key_driver/debounce_count_reg[1][7]/C
                            (rising edge-triggered cell FDRE clocked by sys_clk  {rise@0.000ns fall@10.000ns period=20.000ns})
  Destination:            u_key_driver/key_pulse_reg[1]/D
                            (rising edge-triggered cell FDRE clocked by sys_clk  {rise@0.000ns fall@10.000ns period=20.000ns})
  Path Group:             sys_clk
  Path Type:              Hold (Min at Fast Process Corner)
  Requirement:            0.000ns  (sys_clk rise@0.000ns - sys_clk rise@0.000ns)
  Data Path Delay:        0.312ns  (logic 0.186ns (59.590%)  route 0.126ns (40.410%))
  Logic Levels:           1  (LUT6=1)
  Clock Path Skew:        0.014ns (DCD - SCD - CPR)
    Destination Clock Delay (DCD):    2.090ns
    Source Clock Delay      (SCD):    1.574ns
    Clock Pessimism Removal (CPR):    0.502ns

    Location             Delay type                Incr(ns)  Path(ns)    Netlist Resource(s)
  -------------------------------------------------------------------    -------------------
                         (clock sys_clk rise edge)    0.000     0.000 r  
    Y18                                               0.000     0.000 r  clk (IN)
                         net (fo=0)                   0.000     0.000    clk
    Y18                  IBUF (Prop_ibuf_I_O)         0.312     0.312 r  clk_IBUF_inst/O
                         net (fo=1, routed)           0.640     0.952    clk_IBUF
    BUFGCTRL_X0Y0        BUFG (Prop_bufg_I_O)         0.026     0.978 r  clk_IBUF_BUFG_inst/O
                         net (fo=391, routed)         0.596     1.574    u_key_driver/clk_IBUF_BUFG
    SLICE_X79Y61         FDRE                                         r  u_key_driver/debounce_count_reg[1][7]/C
  -------------------------------------------------------------------    -------------------
    SLICE_X79Y61         FDRE (Prop_fdre_C_Q)         0.141     1.715 f  u_key_driver/debounce_count_reg[1][7]/Q
                         net (fo=4, routed)           0.126     1.841    u_key_driver/debounce_count_reg[1]_1[7]
    SLICE_X78Y62         LUT6 (Prop_lut6_I5_O)        0.045     1.886 r  u_key_driver/key_pulse[1]_i_1/O
                         net (fo=1, routed)           0.000     1.886    u_key_driver/key_pulse[1]_i_1_n_0
    SLICE_X78Y62         FDRE                                         r  u_key_driver/key_pulse_reg[1]/D
  -------------------------------------------------------------------    -------------------

                         (clock sys_clk rise edge)    0.000     0.000 r  
    Y18                                               0.000     0.000 r  clk (IN)
                         net (fo=0)                   0.000     0.000    clk
    Y18                  IBUF (Prop_ibuf_I_O)         0.501     0.501 r  clk_IBUF_inst/O
                         net (fo=1, routed)           0.695     1.195    clk_IBUF
    BUFGCTRL_X0Y0        BUFG (Prop_bufg_I_O)         0.029     1.224 r  clk_IBUF_BUFG_inst/O
                         net (fo=391, routed)         0.866     2.090    u_key_driver/clk_IBUF_BUFG
    SLICE_X78Y62         FDRE                                         r  u_key_driver/key_pulse_reg[1]/C
                         clock pessimism             -0.502     1.588    
    SLICE_X78Y62         FDRE (Hold_fdre_C_D)         0.121     1.709    u_key_driver/key_pulse_reg[1]
  -------------------------------------------------------------------
                         required time                         -1.709    
                         arrival time                           1.886    
  -------------------------------------------------------------------
                         slack                                  0.177    

Slack (MET) :             0.194ns  (arrival time - required time)
  Source:                 u_display/blink_count_reg[7]/C
                            (rising edge-triggered cell FDRE clocked by sys_clk  {rise@0.000ns fall@10.000ns period=20.000ns})
  Destination:            u_display/blink_count_reg[11]/D
                            (rising edge-triggered cell FDRE clocked by sys_clk  {rise@0.000ns fall@10.000ns period=20.000ns})
  Path Group:             sys_clk
  Path Type:              Hold (Min at Fast Process Corner)
  Requirement:            0.000ns  (sys_clk rise@0.000ns - sys_clk rise@0.000ns)
  Data Path Delay:        0.509ns  (logic 0.391ns (76.861%)  route 0.118ns (23.138%))
  Logic Levels:           2  (CARRY4=2)
  Clock Path Skew:        0.209ns (DCD - SCD - CPR)
    Destination Clock Delay (DCD):    2.093ns
    Source Clock Delay      (SCD):    1.632ns
    Clock Pessimism Removal (CPR):    0.251ns

    Location             Delay type                Incr(ns)  Path(ns)    Netlist Resource(s)
  -------------------------------------------------------------------    -------------------
                         (clock sys_clk rise edge)    0.000     0.000 r  
    Y18                                               0.000     0.000 r  clk (IN)
                         net (fo=0)                   0.000     0.000    clk
    Y18                  IBUF (Prop_ibuf_I_O)         0.312     0.312 r  clk_IBUF_inst/O
                         net (fo=1, routed)           0.640     0.952    clk_IBUF
    BUFGCTRL_X0Y0        BUFG (Prop_bufg_I_O)         0.026     0.978 r  clk_IBUF_BUFG_inst/O
                         net (fo=391, routed)         0.654     1.632    u_display/clk_IBUF_BUFG
    SLICE_X77Y49         FDRE                                         r  u_display/blink_count_reg[7]/C
  -------------------------------------------------------------------    -------------------
    SLICE_X77Y49         FDRE (Prop_fdre_C_Q)         0.141     1.773 r  u_display/blink_count_reg[7]/Q
                         net (fo=2, routed)           0.117     1.890    u_display/blink_count_reg[7]
    SLICE_X77Y49         CARRY4 (Prop_carry4_S[3]_CO[3])
                                                      0.160     2.050 r  u_display/blink_count_reg[4]_i_1/CO[3]
                         net (fo=1, routed)           0.001     2.051    u_display/blink_count_reg[4]_i_1_n_0
    SLICE_X77Y50         CARRY4 (Prop_carry4_CI_O[3])
                                                      0.090     2.141 r  u_display/blink_count_reg[8]_i_1/O[3]
                         net (fo=1, routed)           0.000     2.141    u_display/blink_count_reg[8]_i_1_n_4
    SLICE_X77Y50         FDRE                                         r  u_display/blink_count_reg[11]/D
  -------------------------------------------------------------------    -------------------

                         (clock sys_clk rise edge)    0.000     0.000 r  
    Y18                                               0.000     0.000 r  clk (IN)
                         net (fo=0)                   0.000     0.000    clk
    Y18                  IBUF (Prop_ibuf_I_O)         0.501     0.501 r  clk_IBUF_inst/O
                         net (fo=1, routed)           0.695     1.195    clk_IBUF
    BUFGCTRL_X0Y0        BUFG (Prop_bufg_I_O)         0.029     1.224 r  clk_IBUF_BUFG_inst/O
                         net (fo=391, routed)         0.869     2.093    u_display/clk_IBUF_BUFG
    SLICE_X77Y50         FDRE                                         r  u_display/blink_count_reg[11]/C
                         clock pessimism             -0.251     1.842    
    SLICE_X77Y50         FDRE (Hold_fdre_C_D)         0.105     1.947    u_display/blink_count_reg[11]
  -------------------------------------------------------------------
                         required time                         -1.947    
                         arrival time                           2.141    
  -------------------------------------------------------------------
                         slack                                  0.194    

Slack (MET) :             0.194ns  (arrival time - required time)
  Source:                 u_display/blink_count_reg[7]/C
                            (rising edge-triggered cell FDRE clocked by sys_clk  {rise@0.000ns fall@10.000ns period=20.000ns})
  Destination:            u_display/blink_count_reg[9]/D
                            (rising edge-triggered cell FDRE clocked by sys_clk  {rise@0.000ns fall@10.000ns period=20.000ns})
  Path Group:             sys_clk
  Path Type:              Hold (Min at Fast Process Corner)
  Requirement:            0.000ns  (sys_clk rise@0.000ns - sys_clk rise@0.000ns)
  Data Path Delay:        0.509ns  (logic 0.391ns (76.861%)  route 0.118ns (23.138%))
  Logic Levels:           2  (CARRY4=2)
  Clock Path Skew:        0.209ns (DCD - SCD - CPR)
    Destination Clock Delay (DCD):    2.093ns
    Source Clock Delay      (SCD):    1.632ns
    Clock Pessimism Removal (CPR):    0.251ns

    Location             Delay type                Incr(ns)  Path(ns)    Netlist Resource(s)
  -------------------------------------------------------------------    -------------------
                         (clock sys_clk rise edge)    0.000     0.000 r  
    Y18                                               0.000     0.000 r  clk (IN)
                         net (fo=0)                   0.000     0.000    clk
    Y18                  IBUF (Prop_ibuf_I_O)         0.312     0.312 r  clk_IBUF_inst/O
                         net (fo=1, routed)           0.640     0.952    clk_IBUF
    BUFGCTRL_X0Y0        BUFG (Prop_bufg_I_O)         0.026     0.978 r  clk_IBUF_BUFG_inst/O
                         net (fo=391, routed)         0.654     1.632    u_display/clk_IBUF_BUFG
    SLICE_X77Y49         FDRE                                         r  u_display/blink_count_reg[7]/C
  -------------------------------------------------------------------    -------------------
    SLICE_X77Y49         FDRE (Prop_fdre_C_Q)         0.141     1.773 r  u_display/blink_count_reg[7]/Q
                         net (fo=2, routed)           0.117     1.890    u_display/blink_count_reg[7]
    SLICE_X77Y49         CARRY4 (Prop_carry4_S[3]_CO[3])
                                                      0.160     2.050 r  u_display/blink_count_reg[4]_i_1/CO[3]
                         net (fo=1, routed)           0.001     2.051    u_display/blink_count_reg[4]_i_1_n_0
    SLICE_X77Y50         CARRY4 (Prop_carry4_CI_O[1])
                                                      0.090     2.141 r  u_display/blink_count_reg[8]_i_1/O[1]
                         net (fo=1, routed)           0.000     2.141    u_display/blink_count_reg[8]_i_1_n_6
    SLICE_X77Y50         FDRE                                         r  u_display/blink_count_reg[9]/D
  -------------------------------------------------------------------    -------------------

                         (clock sys_clk rise edge)    0.000     0.000 r  
    Y18                                               0.000     0.000 r  clk (IN)
                         net (fo=0)                   0.000     0.000    clk
    Y18                  IBUF (Prop_ibuf_I_O)         0.501     0.501 r  clk_IBUF_inst/O
                         net (fo=1, routed)           0.695     1.195    clk_IBUF
    BUFGCTRL_X0Y0        BUFG (Prop_bufg_I_O)         0.029     1.224 r  clk_IBUF_BUFG_inst/O
                         net (fo=391, routed)         0.869     2.093    u_display/clk_IBUF_BUFG
    SLICE_X77Y50         FDRE                                         r  u_display/blink_count_reg[9]/C
                         clock pessimism             -0.251     1.842    
    SLICE_X77Y50         FDRE (Hold_fdre_C_D)         0.105     1.947    u_display/blink_count_reg[9]
  -------------------------------------------------------------------
                         required time                         -1.947    
                         arrival time                           2.141    
  -------------------------------------------------------------------
                         slack                                  0.194    

Slack (MET) :             0.197ns  (arrival time - required time)
  Source:                 u_display/blink_count_reg[7]/C
                            (rising edge-triggered cell FDRE clocked by sys_clk  {rise@0.000ns fall@10.000ns period=20.000ns})
  Destination:            u_display/blink_count_reg[12]/D
                            (rising edge-triggered cell FDRE clocked by sys_clk  {rise@0.000ns fall@10.000ns period=20.000ns})
  Path Group:             sys_clk
  Path Type:              Hold (Min at Fast Process Corner)
  Requirement:            0.000ns  (sys_clk rise@0.000ns - sys_clk rise@0.000ns)
  Data Path Delay:        0.512ns  (logic 0.394ns (76.997%)  route 0.118ns (23.003%))
  Logic Levels:           3  (CARRY4=3)
  Clock Path Skew:        0.209ns (DCD - SCD - CPR)
    Destination Clock Delay (DCD):    2.093ns
    Source Clock Delay      (SCD):    1.632ns
    Clock Pessimism Removal (CPR):    0.251ns

    Location             Delay type                Incr(ns)  Path(ns)    Netlist Resource(s)
  -------------------------------------------------------------------    -------------------
                         (clock sys_clk rise edge)    0.000     0.000 r  
    Y18                                               0.000     0.000 r  clk (IN)
                         net (fo=0)                   0.000     0.000    clk
    Y18                  IBUF (Prop_ibuf_I_O)         0.312     0.312 r  clk_IBUF_inst/O
                         net (fo=1, routed)           0.640     0.952    clk_IBUF
    BUFGCTRL_X0Y0        BUFG (Prop_bufg_I_O)         0.026     0.978 r  clk_IBUF_BUFG_inst/O
                         net (fo=391, routed)         0.654     1.632    u_display/clk_IBUF_BUFG
    SLICE_X77Y49         FDRE                                         r  u_display/blink_count_reg[7]/C
  -------------------------------------------------------------------    -------------------
    SLICE_X77Y49         FDRE (Prop_fdre_C_Q)         0.141     1.773 r  u_display/blink_count_reg[7]/Q
                         net (fo=2, routed)           0.117     1.890    u_display/blink_count_reg[7]
    SLICE_X77Y49         CARRY4 (Prop_carry4_S[3]_CO[3])
                                                      0.160     2.050 r  u_display/blink_count_reg[4]_i_1/CO[3]
                         net (fo=1, routed)           0.001     2.051    u_display/blink_count_reg[4]_i_1_n_0
    SLICE_X77Y50         CARRY4 (Prop_carry4_CI_CO[3])
                                                      0.039     2.090 r  u_display/blink_count_reg[8]_i_1/CO[3]
                         net (fo=1, routed)           0.000     2.090    u_display/blink_count_reg[8]_i_1_n_0
    SLICE_X77Y51         CARRY4 (Prop_carry4_CI_O[0])
                                                      0.054     2.144 r  u_display/blink_count_reg[12]_i_1/O[0]
                         net (fo=1, routed)           0.000     2.144    u_display/blink_count_reg[12]_i_1_n_7
    SLICE_X77Y51         FDRE                                         r  u_display/blink_count_reg[12]/D
  -------------------------------------------------------------------    -------------------

                         (clock sys_clk rise edge)    0.000     0.000 r  
    Y18                                               0.000     0.000 r  clk (IN)
                         net (fo=0)                   0.000     0.000    clk
    Y18                  IBUF (Prop_ibuf_I_O)         0.501     0.501 r  clk_IBUF_inst/O
                         net (fo=1, routed)           0.695     1.195    clk_IBUF
    BUFGCTRL_X0Y0        BUFG (Prop_bufg_I_O)         0.029     1.224 r  clk_IBUF_BUFG_inst/O
                         net (fo=391, routed)         0.869     2.093    u_display/clk_IBUF_BUFG
    SLICE_X77Y51         FDRE                                         r  u_display/blink_count_reg[12]/C
                         clock pessimism             -0.251     1.842    
    SLICE_X77Y51         FDRE (Hold_fdre_C_D)         0.105     1.947    u_display/blink_count_reg[12]
  -------------------------------------------------------------------
                         required time                         -1.947    
                         arrival time                           2.144    
  -------------------------------------------------------------------
                         slack                                  0.197    

Slack (MET) :             0.208ns  (arrival time - required time)
  Source:                 u_display/blink_count_reg[7]/C
                            (rising edge-triggered cell FDRE clocked by sys_clk  {rise@0.000ns fall@10.000ns period=20.000ns})
  Destination:            u_display/blink_count_reg[14]/D
                            (rising edge-triggered cell FDRE clocked by sys_clk  {rise@0.000ns fall@10.000ns period=20.000ns})
  Path Group:             sys_clk
  Path Type:              Hold (Min at Fast Process Corner)
  Requirement:            0.000ns  (sys_clk rise@0.000ns - sys_clk rise@0.000ns)
  Data Path Delay:        0.523ns  (logic 0.405ns (77.481%)  route 0.118ns (22.519%))
  Logic Levels:           3  (CARRY4=3)
  Clock Path Skew:        0.209ns (DCD - SCD - CPR)
    Destination Clock Delay (DCD):    2.093ns
    Source Clock Delay      (SCD):    1.632ns
    Clock Pessimism Removal (CPR):    0.251ns

    Location             Delay type                Incr(ns)  Path(ns)    Netlist Resource(s)
  -------------------------------------------------------------------    -------------------
                         (clock sys_clk rise edge)    0.000     0.000 r  
    Y18                                               0.000     0.000 r  clk (IN)
                         net (fo=0)                   0.000     0.000    clk
    Y18                  IBUF (Prop_ibuf_I_O)         0.312     0.312 r  clk_IBUF_inst/O
                         net (fo=1, routed)           0.640     0.952    clk_IBUF
    BUFGCTRL_X0Y0        BUFG (Prop_bufg_I_O)         0.026     0.978 r  clk_IBUF_BUFG_inst/O
                         net (fo=391, routed)         0.654     1.632    u_display/clk_IBUF_BUFG
    SLICE_X77Y49         FDRE                                         r  u_display/blink_count_reg[7]/C
  -------------------------------------------------------------------    -------------------
    SLICE_X77Y49         FDRE (Prop_fdre_C_Q)         0.141     1.773 r  u_display/blink_count_reg[7]/Q
                         net (fo=2, routed)           0.117     1.890    u_display/blink_count_reg[7]
    SLICE_X77Y49         CARRY4 (Prop_carry4_S[3]_CO[3])
                                                      0.160     2.050 r  u_display/blink_count_reg[4]_i_1/CO[3]
                         net (fo=1, routed)           0.001     2.051    u_display/blink_count_reg[4]_i_1_n_0
    SLICE_X77Y50         CARRY4 (Prop_carry4_CI_CO[3])
                                                      0.039     2.090 r  u_display/blink_count_reg[8]_i_1/CO[3]
                         net (fo=1, routed)           0.000     2.090    u_display/blink_count_reg[8]_i_1_n_0
    SLICE_X77Y51         CARRY4 (Prop_carry4_CI_O[2])
                                                      0.065     2.155 r  u_display/blink_count_reg[12]_i_1/O[2]
                         net (fo=1, routed)           0.000     2.155    u_display/blink_count_reg[12]_i_1_n_5
    SLICE_X77Y51         FDRE                                         r  u_display/blink_count_reg[14]/D
  -------------------------------------------------------------------    -------------------

                         (clock sys_clk rise edge)    0.000     0.000 r  
    Y18                                               0.000     0.000 r  clk (IN)
                         net (fo=0)                   0.000     0.000    clk
    Y18                  IBUF (Prop_ibuf_I_O)         0.501     0.501 r  clk_IBUF_inst/O
                         net (fo=1, routed)           0.695     1.195    clk_IBUF
    BUFGCTRL_X0Y0        BUFG (Prop_bufg_I_O)         0.029     1.224 r  clk_IBUF_BUFG_inst/O
                         net (fo=391, routed)         0.869     2.093    u_display/clk_IBUF_BUFG
    SLICE_X77Y51         FDRE                                         r  u_display/blink_count_reg[14]/C
                         clock pessimism             -0.251     1.842    
    SLICE_X77Y51         FDRE (Hold_fdre_C_D)         0.105     1.947    u_display/blink_count_reg[14]
  -------------------------------------------------------------------
                         required time                         -1.947    
                         arrival time                           2.155    
  -------------------------------------------------------------------
                         slack                                  0.208    





Pulse Width Checks
--------------------------------------------------------------------------------------
Clock Name:         sys_clk
Waveform(ns):       { 0.000 10.000 }
Period(ns):         20.000
Sources:            { clk }

Check Type        Corner  Lib Pin  Reference Pin  Required(ns)  Actual(ns)  Slack(ns)  Location       Pin
Min Period        n/a     BUFG/I   n/a            1.592         20.000      18.408     BUFGCTRL_X0Y0  clk_IBUF_BUFG_inst/I
Min Period        n/a     FDRE/C   n/a            1.000         20.000      19.000     SLICE_X73Y62   power_on_count_reg[0]/C
Min Period        n/a     FDRE/C   n/a            1.000         20.000      19.000     SLICE_X73Y64   power_on_count_reg[10]/C
Min Period        n/a     FDRE/C   n/a            1.000         20.000      19.000     SLICE_X73Y64   power_on_count_reg[11]/C
Min Period        n/a     FDRE/C   n/a            1.000         20.000      19.000     SLICE_X73Y65   power_on_count_reg[12]/C
Min Period        n/a     FDRE/C   n/a            1.000         20.000      19.000     SLICE_X73Y65   power_on_count_reg[13]/C
Min Period        n/a     FDRE/C   n/a            1.000         20.000      19.000     SLICE_X73Y65   power_on_count_reg[14]/C
Min Period        n/a     FDRE/C   n/a            1.000         20.000      19.000     SLICE_X73Y65   power_on_count_reg[15]/C
Min Period        n/a     FDRE/C   n/a            1.000         20.000      19.000     SLICE_X73Y66   power_on_count_reg[16]/C
Min Period        n/a     FDRE/C   n/a            1.000         20.000      19.000     SLICE_X73Y66   power_on_count_reg[17]/C
Low Pulse Width   Slow    FDRE/C   n/a            0.500         10.000      9.500      SLICE_X73Y62   power_on_count_reg[0]/C
Low Pulse Width   Fast    FDRE/C   n/a            0.500         10.000      9.500      SLICE_X73Y62   power_on_count_reg[0]/C
Low Pulse Width   Slow    FDRE/C   n/a            0.500         10.000      9.500      SLICE_X73Y64   power_on_count_reg[10]/C
Low Pulse Width   Fast    FDRE/C   n/a            0.500         10.000      9.500      SLICE_X73Y64   power_on_count_reg[10]/C
Low Pulse Width   Slow    FDRE/C   n/a            0.500         10.000      9.500      SLICE_X73Y64   power_on_count_reg[11]/C
Low Pulse Width   Fast    FDRE/C   n/a            0.500         10.000      9.500      SLICE_X73Y64   power_on_count_reg[11]/C
Low Pulse Width   Slow    FDRE/C   n/a            0.500         10.000      9.500      SLICE_X73Y65   power_on_count_reg[12]/C
Low Pulse Width   Fast    FDRE/C   n/a            0.500         10.000      9.500      SLICE_X73Y65   power_on_count_reg[12]/C
Low Pulse Width   Slow    FDRE/C   n/a            0.500         10.000      9.500      SLICE_X73Y65   power_on_count_reg[13]/C
Low Pulse Width   Fast    FDRE/C   n/a            0.500         10.000      9.500      SLICE_X73Y65   power_on_count_reg[13]/C
High Pulse Width  Slow    FDRE/C   n/a            0.500         10.000      9.500      SLICE_X73Y62   power_on_count_reg[0]/C
High Pulse Width  Fast    FDRE/C   n/a            0.500         10.000      9.500      SLICE_X73Y62   power_on_count_reg[0]/C
High Pulse Width  Slow    FDRE/C   n/a            0.500         10.000      9.500      SLICE_X73Y64   power_on_count_reg[10]/C
High Pulse Width  Fast    FDRE/C   n/a            0.500         10.000      9.500      SLICE_X73Y64   power_on_count_reg[10]/C
High Pulse Width  Slow    FDRE/C   n/a            0.500         10.000      9.500      SLICE_X73Y64   power_on_count_reg[11]/C
High Pulse Width  Fast    FDRE/C   n/a            0.500         10.000      9.500      SLICE_X73Y64   power_on_count_reg[11]/C
High Pulse Width  Slow    FDRE/C   n/a            0.500         10.000      9.500      SLICE_X73Y65   power_on_count_reg[12]/C
High Pulse Width  Fast    FDRE/C   n/a            0.500         10.000      9.500      SLICE_X73Y65   power_on_count_reg[12]/C
High Pulse Width  Slow    FDRE/C   n/a            0.500         10.000      9.500      SLICE_X73Y65   power_on_count_reg[13]/C
High Pulse Width  Fast    FDRE/C   n/a            0.500         10.000      9.500      SLICE_X73Y65   power_on_count_reg[13]/C



--------------------------------------------------------------------------------------
Path Group:  (none)
From Clock:  sys_clk
  To Clock:  

Max Delay            16 Endpoints
Min Delay            16 Endpoints
--------------------------------------------------------------------------------------


Max Delay Paths
--------------------------------------------------------------------------------------
Slack:                    inf
  Source:                 u_display/seg_reg[1]/C
                            (rising edge-triggered cell FDSE clocked by sys_clk  {rise@0.000ns fall@10.000ns period=20.000ns})
  Destination:            seg[1]
                            (output port)
  Path Group:             (none)
  Path Type:              Max at Slow Process Corner
  Data Path Delay:        7.335ns  (logic 3.855ns (52.552%)  route 3.480ns (47.448%))
  Logic Levels:           1  (OBUF=1)
  Clock Uncertainty:      0.025ns  ((TSJ^2 + TIJ^2)^1/2 + DJ) / 2 + PE
    Total System Jitter     (TSJ):    0.050ns
    Total Input Jitter      (TIJ):    0.000ns
    Discrete Jitter          (DJ):    0.000ns
    Phase Error              (PE):    0.000ns

    Location             Delay type                Incr(ns)  Path(ns)    Netlist Resource(s)
  -------------------------------------------------------------------    -------------------
                         (clock sys_clk rise edge)    0.000     0.000 r  
    Y18                                               0.000     0.000 r  clk (IN)
                         net (fo=0)                   0.000     0.000    clk
    Y18                  IBUF (Prop_ibuf_I_O)         1.476     1.476 r  clk_IBUF_inst/O
                         net (fo=1, routed)           1.709     3.185    clk_IBUF
    BUFGCTRL_X0Y0        BUFG (Prop_bufg_I_O)         0.081     3.266 r  clk_IBUF_BUFG_inst/O
                         net (fo=391, routed)         1.453     4.719    u_display/clk_IBUF_BUFG
    SLICE_X78Y54         FDSE                                         r  u_display/seg_reg[1]/C
  -------------------------------------------------------------------    -------------------
    SLICE_X78Y54         FDSE (Prop_fdse_C_Q)         0.398     5.117 r  u_display/seg_reg[1]/Q
                         net (fo=1, routed)           3.480     8.597    seg_OBUF[1]
    U17                  OBUF (Prop_obuf_I_O)         3.457    12.054 r  seg_OBUF[1]_inst/O
                         net (fo=0)                   0.000    12.054    seg[1]
    U17                                                               r  seg[1] (OUT)
  -------------------------------------------------------------------    -------------------

Slack:                    inf
  Source:                 u_display/seg_reg[0]/C
                            (rising edge-triggered cell FDSE clocked by sys_clk  {rise@0.000ns fall@10.000ns period=20.000ns})
  Destination:            seg[0]
                            (output port)
  Path Group:             (none)
  Path Type:              Max at Slow Process Corner
  Data Path Delay:        7.266ns  (logic 3.778ns (51.998%)  route 3.488ns (48.002%))
  Logic Levels:           1  (OBUF=1)
  Clock Uncertainty:      0.025ns  ((TSJ^2 + TIJ^2)^1/2 + DJ) / 2 + PE
    Total System Jitter     (TSJ):    0.050ns
    Total Input Jitter      (TIJ):    0.000ns
    Discrete Jitter          (DJ):    0.000ns
    Phase Error              (PE):    0.000ns

    Location             Delay type                Incr(ns)  Path(ns)    Netlist Resource(s)
  -------------------------------------------------------------------    -------------------
                         (clock sys_clk rise edge)    0.000     0.000 r  
    Y18                                               0.000     0.000 r  clk (IN)
                         net (fo=0)                   0.000     0.000    clk
    Y18                  IBUF (Prop_ibuf_I_O)         1.476     1.476 r  clk_IBUF_inst/O
                         net (fo=1, routed)           1.709     3.185    clk_IBUF
    BUFGCTRL_X0Y0        BUFG (Prop_bufg_I_O)         0.081     3.266 r  clk_IBUF_BUFG_inst/O
                         net (fo=391, routed)         1.453     4.719    u_display/clk_IBUF_BUFG
    SLICE_X78Y54         FDSE                                         r  u_display/seg_reg[0]/C
  -------------------------------------------------------------------    -------------------
    SLICE_X78Y54         FDSE (Prop_fdse_C_Q)         0.433     5.152 r  u_display/seg_reg[0]/Q
                         net (fo=1, routed)           3.488     8.640    seg_OBUF[0]
    AB18                 OBUF (Prop_obuf_I_O)         3.345    11.985 r  seg_OBUF[0]_inst/O
                         net (fo=0)                   0.000    11.985    seg[0]
    AB18                                                              r  seg[0] (OUT)
  -------------------------------------------------------------------    -------------------

Slack:                    inf
  Source:                 u_display/seg_reg[3]/C
                            (rising edge-triggered cell FDSE clocked by sys_clk  {rise@0.000ns fall@10.000ns period=20.000ns})
  Destination:            seg[3]
                            (output port)
  Path Group:             (none)
  Path Type:              Max at Slow Process Corner
  Data Path Delay:        7.170ns  (logic 3.822ns (53.303%)  route 3.348ns (46.697%))
  Logic Levels:           1  (OBUF=1)
  Clock Uncertainty:      0.025ns  ((TSJ^2 + TIJ^2)^1/2 + DJ) / 2 + PE
    Total System Jitter     (TSJ):    0.050ns
    Total Input Jitter      (TIJ):    0.000ns
    Discrete Jitter          (DJ):    0.000ns
    Phase Error              (PE):    0.000ns

    Location             Delay type                Incr(ns)  Path(ns)    Netlist Resource(s)
  -------------------------------------------------------------------    -------------------
                         (clock sys_clk rise edge)    0.000     0.000 r  
    Y18                                               0.000     0.000 r  clk (IN)
                         net (fo=0)                   0.000     0.000    clk
    Y18                  IBUF (Prop_ibuf_I_O)         1.476     1.476 r  clk_IBUF_inst/O
                         net (fo=1, routed)           1.709     3.185    clk_IBUF
    BUFGCTRL_X0Y0        BUFG (Prop_bufg_I_O)         0.081     3.266 r  clk_IBUF_BUFG_inst/O
                         net (fo=391, routed)         1.453     4.719    u_display/clk_IBUF_BUFG
    SLICE_X78Y54         FDSE                                         r  u_display/seg_reg[3]/C
  -------------------------------------------------------------------    -------------------
    SLICE_X78Y54         FDSE (Prop_fdse_C_Q)         0.398     5.117 r  u_display/seg_reg[3]/Q
                         net (fo=1, routed)           3.348     8.465    seg_OBUF[3]
    P14                  OBUF (Prop_obuf_I_O)         3.424    11.889 r  seg_OBUF[3]_inst/O
                         net (fo=0)                   0.000    11.889    seg[3]
    P14                                                               r  seg[3] (OUT)
  -------------------------------------------------------------------    -------------------

Slack:                    inf
  Source:                 u_display/seg_reg[5]/C
                            (rising edge-triggered cell FDSE clocked by sys_clk  {rise@0.000ns fall@10.000ns period=20.000ns})
  Destination:            seg[5]
                            (output port)
  Path Group:             (none)
  Path Type:              Max at Slow Process Corner
  Data Path Delay:        7.138ns  (logic 3.810ns (53.374%)  route 3.328ns (46.626%))
  Logic Levels:           1  (OBUF=1)
  Clock Uncertainty:      0.025ns  ((TSJ^2 + TIJ^2)^1/2 + DJ) / 2 + PE
    Total System Jitter     (TSJ):    0.050ns
    Total Input Jitter      (TIJ):    0.000ns
    Discrete Jitter          (DJ):    0.000ns
    Phase Error              (PE):    0.000ns

    Location             Delay type                Incr(ns)  Path(ns)    Netlist Resource(s)
  -------------------------------------------------------------------    -------------------
                         (clock sys_clk rise edge)    0.000     0.000 r  
    Y18                                               0.000     0.000 r  clk (IN)
                         net (fo=0)                   0.000     0.000    clk
    Y18                  IBUF (Prop_ibuf_I_O)         1.476     1.476 r  clk_IBUF_inst/O
                         net (fo=1, routed)           1.709     3.185    clk_IBUF
    BUFGCTRL_X0Y0        BUFG (Prop_bufg_I_O)         0.081     3.266 r  clk_IBUF_BUFG_inst/O
                         net (fo=391, routed)         1.453     4.719    u_display/clk_IBUF_BUFG
    SLICE_X78Y54         FDSE                                         r  u_display/seg_reg[5]/C
  -------------------------------------------------------------------    -------------------
    SLICE_X78Y54         FDSE (Prop_fdse_C_Q)         0.398     5.117 r  u_display/seg_reg[5]/Q
                         net (fo=1, routed)           3.328     8.445    seg_OBUF[5]
    R18                  OBUF (Prop_obuf_I_O)         3.412    11.856 r  seg_OBUF[5]_inst/O
                         net (fo=0)                   0.000    11.856    seg[5]
    R18                                                               r  seg[5] (OUT)
  -------------------------------------------------------------------    -------------------

Slack:                    inf
  Source:                 u_display/seg_reg[6]/C
                            (rising edge-triggered cell FDSE clocked by sys_clk  {rise@0.000ns fall@10.000ns period=20.000ns})
  Destination:            seg[6]
                            (output port)
  Path Group:             (none)
  Path Type:              Max at Slow Process Corner
  Data Path Delay:        7.132ns  (logic 3.718ns (52.138%)  route 3.413ns (47.862%))
  Logic Levels:           1  (OBUF=1)
  Clock Uncertainty:      0.025ns  ((TSJ^2 + TIJ^2)^1/2 + DJ) / 2 + PE
    Total System Jitter     (TSJ):    0.050ns
    Total Input Jitter      (TIJ):    0.000ns
    Discrete Jitter          (DJ):    0.000ns
    Phase Error              (PE):    0.000ns

    Location             Delay type                Incr(ns)  Path(ns)    Netlist Resource(s)
  -------------------------------------------------------------------    -------------------
                         (clock sys_clk rise edge)    0.000     0.000 r  
    Y18                                               0.000     0.000 r  clk (IN)
                         net (fo=0)                   0.000     0.000    clk
    Y18                  IBUF (Prop_ibuf_I_O)         1.476     1.476 r  clk_IBUF_inst/O
                         net (fo=1, routed)           1.709     3.185    clk_IBUF
    BUFGCTRL_X0Y0        BUFG (Prop_bufg_I_O)         0.081     3.266 r  clk_IBUF_BUFG_inst/O
                         net (fo=391, routed)         1.453     4.719    u_display/clk_IBUF_BUFG
    SLICE_X78Y54         FDSE                                         r  u_display/seg_reg[6]/C
  -------------------------------------------------------------------    -------------------
    SLICE_X78Y54         FDSE (Prop_fdse_C_Q)         0.433     5.152 r  u_display/seg_reg[6]/Q
                         net (fo=1, routed)           3.413     8.565    seg_OBUF[6]
    T18                  OBUF (Prop_obuf_I_O)         3.285    11.850 r  seg_OBUF[6]_inst/O
                         net (fo=0)                   0.000    11.850    seg[6]
    T18                                                               r  seg[6] (OUT)
  -------------------------------------------------------------------    -------------------

Slack:                    inf
  Source:                 u_display/seg_reg[2]/C
                            (rising edge-triggered cell FDSE clocked by sys_clk  {rise@0.000ns fall@10.000ns period=20.000ns})
  Destination:            seg[2]
                            (output port)
  Path Group:             (none)
  Path Type:              Max at Slow Process Corner
  Data Path Delay:        7.097ns  (logic 3.757ns (52.935%)  route 3.340ns (47.065%))
  Logic Levels:           1  (OBUF=1)
  Clock Uncertainty:      0.025ns  ((TSJ^2 + TIJ^2)^1/2 + DJ) / 2 + PE
    Total System Jitter     (TSJ):    0.050ns
    Total Input Jitter      (TIJ):    0.000ns
    Discrete Jitter          (DJ):    0.000ns
    Phase Error              (PE):    0.000ns

    Location             Delay type                Incr(ns)  Path(ns)    Netlist Resource(s)
  -------------------------------------------------------------------    -------------------
                         (clock sys_clk rise edge)    0.000     0.000 r  
    Y18                                               0.000     0.000 r  clk (IN)
                         net (fo=0)                   0.000     0.000    clk
    Y18                  IBUF (Prop_ibuf_I_O)         1.476     1.476 r  clk_IBUF_inst/O
                         net (fo=1, routed)           1.709     3.185    clk_IBUF
    BUFGCTRL_X0Y0        BUFG (Prop_bufg_I_O)         0.081     3.266 r  clk_IBUF_BUFG_inst/O
                         net (fo=391, routed)         1.453     4.719    u_display/clk_IBUF_BUFG
    SLICE_X78Y54         FDSE                                         r  u_display/seg_reg[2]/C
  -------------------------------------------------------------------    -------------------
    SLICE_X78Y54         FDSE (Prop_fdse_C_Q)         0.433     5.152 r  u_display/seg_reg[2]/Q
                         net (fo=1, routed)           3.340     8.492    seg_OBUF[2]
    U18                  OBUF (Prop_obuf_I_O)         3.324    11.815 r  seg_OBUF[2]_inst/O
                         net (fo=0)                   0.000    11.815    seg[2]
    U18                                                               r  seg[2] (OUT)
  -------------------------------------------------------------------    -------------------

Slack:                    inf
  Source:                 u_display/dig_reg[3]/C
                            (rising edge-triggered cell FDSE clocked by sys_clk  {rise@0.000ns fall@10.000ns period=20.000ns})
  Destination:            dig[3]
                            (output port)
  Path Group:             (none)
  Path Type:              Max at Slow Process Corner
  Data Path Delay:        7.164ns  (logic 3.877ns (54.111%)  route 3.287ns (45.889%))
  Logic Levels:           1  (OBUF=1)
  Clock Uncertainty:      0.025ns  ((TSJ^2 + TIJ^2)^1/2 + DJ) / 2 + PE
    Total System Jitter     (TSJ):    0.050ns
    Total Input Jitter      (TIJ):    0.000ns
    Discrete Jitter          (DJ):    0.000ns
    Phase Error              (PE):    0.000ns

    Location             Delay type                Incr(ns)  Path(ns)    Netlist Resource(s)
  -------------------------------------------------------------------    -------------------
                         (clock sys_clk rise edge)    0.000     0.000 r  
    Y18                                               0.000     0.000 r  clk (IN)
                         net (fo=0)                   0.000     0.000    clk
    Y18                  IBUF (Prop_ibuf_I_O)         1.476     1.476 r  clk_IBUF_inst/O
                         net (fo=1, routed)           1.709     3.185    clk_IBUF
    BUFGCTRL_X0Y0        BUFG (Prop_bufg_I_O)         0.081     3.266 r  clk_IBUF_BUFG_inst/O
                         net (fo=391, routed)         1.377     4.643    u_display/clk_IBUF_BUFG
    SLICE_X66Y55         FDSE                                         r  u_display/dig_reg[3]/C
  -------------------------------------------------------------------    -------------------
    SLICE_X66Y55         FDSE (Prop_fdse_C_Q)         0.398     5.041 r  u_display/dig_reg[3]/Q
                         net (fo=1, routed)           3.287     8.328    dig_OBUF[3]
    AA19                 OBUF (Prop_obuf_I_O)         3.479    11.807 r  dig_OBUF[3]_inst/O
                         net (fo=0)                   0.000    11.807    dig[3]
    AA19                                                              r  dig[3] (OUT)
  -------------------------------------------------------------------    -------------------

Slack:                    inf
  Source:                 u_display/seg_reg[4]/C
                            (rising edge-triggered cell FDSE clocked by sys_clk  {rise@0.000ns fall@10.000ns period=20.000ns})
  Destination:            seg[4]
                            (output port)
  Path Group:             (none)
  Path Type:              Max at Slow Process Corner
  Data Path Delay:        7.072ns  (logic 3.722ns (52.627%)  route 3.350ns (47.373%))
  Logic Levels:           1  (OBUF=1)
  Clock Uncertainty:      0.025ns  ((TSJ^2 + TIJ^2)^1/2 + DJ) / 2 + PE
    Total System Jitter     (TSJ):    0.050ns
    Total Input Jitter      (TIJ):    0.000ns
    Discrete Jitter          (DJ):    0.000ns
    Phase Error              (PE):    0.000ns

    Location             Delay type                Incr(ns)  Path(ns)    Netlist Resource(s)
  -------------------------------------------------------------------    -------------------
                         (clock sys_clk rise edge)    0.000     0.000 r  
    Y18                                               0.000     0.000 r  clk (IN)
                         net (fo=0)                   0.000     0.000    clk
    Y18                  IBUF (Prop_ibuf_I_O)         1.476     1.476 r  clk_IBUF_inst/O
                         net (fo=1, routed)           1.709     3.185    clk_IBUF
    BUFGCTRL_X0Y0        BUFG (Prop_bufg_I_O)         0.081     3.266 r  clk_IBUF_BUFG_inst/O
                         net (fo=391, routed)         1.453     4.719    u_display/clk_IBUF_BUFG
    SLICE_X78Y54         FDSE                                         r  u_display/seg_reg[4]/C
  -------------------------------------------------------------------    -------------------
    SLICE_X78Y54         FDSE (Prop_fdse_C_Q)         0.433     5.152 r  u_display/seg_reg[4]/Q
                         net (fo=1, routed)           3.350     8.502    seg_OBUF[4]
    R14                  OBUF (Prop_obuf_I_O)         3.289    11.790 r  seg_OBUF[4]_inst/O
                         net (fo=0)                   0.000    11.790    seg[4]
    R14                                                               r  seg[4] (OUT)
  -------------------------------------------------------------------    -------------------

Slack:                    inf
  Source:                 u_display/dig_reg[0]/C
                            (rising edge-triggered cell FDSE clocked by sys_clk  {rise@0.000ns fall@10.000ns period=20.000ns})
  Destination:            dig[0]
                            (output port)
  Path Group:             (none)
  Path Type:              Max at Slow Process Corner
  Data Path Delay:        7.065ns  (logic 3.783ns (53.539%)  route 3.282ns (46.461%))
  Logic Levels:           1  (OBUF=1)
  Clock Uncertainty:      0.025ns  ((TSJ^2 + TIJ^2)^1/2 + DJ) / 2 + PE
    Total System Jitter     (TSJ):    0.050ns
    Total Input Jitter      (TIJ):    0.000ns
    Discrete Jitter          (DJ):    0.000ns
    Phase Error              (PE):    0.000ns

    Location             Delay type                Incr(ns)  Path(ns)    Netlist Resource(s)
  -------------------------------------------------------------------    -------------------
                         (clock sys_clk rise edge)    0.000     0.000 r  
    Y18                                               0.000     0.000 r  clk (IN)
                         net (fo=0)                   0.000     0.000    clk
    Y18                  IBUF (Prop_ibuf_I_O)         1.476     1.476 r  clk_IBUF_inst/O
                         net (fo=1, routed)           1.709     3.185    clk_IBUF
    BUFGCTRL_X0Y0        BUFG (Prop_bufg_I_O)         0.081     3.266 r  clk_IBUF_BUFG_inst/O
                         net (fo=391, routed)         1.377     4.643    u_display/clk_IBUF_BUFG
    SLICE_X66Y55         FDSE                                         r  u_display/dig_reg[0]/C
  -------------------------------------------------------------------    -------------------
    SLICE_X66Y55         FDSE (Prop_fdse_C_Q)         0.433     5.076 r  u_display/dig_reg[0]/Q
                         net (fo=1, routed)           3.282     8.358    dig_OBUF[0]
    Y19                  OBUF (Prop_obuf_I_O)         3.350    11.708 r  dig_OBUF[0]_inst/O
                         net (fo=0)                   0.000    11.708    dig[0]
    Y19                                                               r  dig[0] (OUT)
  -------------------------------------------------------------------    -------------------

Slack:                    inf
  Source:                 u_display/dig_reg[2]/C
                            (rising edge-triggered cell FDSE clocked by sys_clk  {rise@0.000ns fall@10.000ns period=20.000ns})
  Destination:            dig[2]
                            (output port)
  Path Group:             (none)
  Path Type:              Max at Slow Process Corner
  Data Path Delay:        7.036ns  (logic 3.861ns (54.869%)  route 3.176ns (45.131%))
  Logic Levels:           1  (OBUF=1)
  Clock Uncertainty:      0.025ns  ((TSJ^2 + TIJ^2)^1/2 + DJ) / 2 + PE
    Total System Jitter     (TSJ):    0.050ns
    Total Input Jitter      (TIJ):    0.000ns
    Discrete Jitter          (DJ):    0.000ns
    Phase Error              (PE):    0.000ns

    Location             Delay type                Incr(ns)  Path(ns)    Netlist Resource(s)
  -------------------------------------------------------------------    -------------------
                         (clock sys_clk rise edge)    0.000     0.000 r  
    Y18                                               0.000     0.000 r  clk (IN)
                         net (fo=0)                   0.000     0.000    clk
    Y18                  IBUF (Prop_ibuf_I_O)         1.476     1.476 r  clk_IBUF_inst/O
                         net (fo=1, routed)           1.709     3.185    clk_IBUF
    BUFGCTRL_X0Y0        BUFG (Prop_bufg_I_O)         0.081     3.266 r  clk_IBUF_BUFG_inst/O
                         net (fo=391, routed)         1.377     4.643    u_display/clk_IBUF_BUFG
    SLICE_X66Y55         FDSE                                         r  u_display/dig_reg[2]/C
  -------------------------------------------------------------------    -------------------
    SLICE_X66Y55         FDSE (Prop_fdse_C_Q)         0.398     5.041 r  u_display/dig_reg[2]/Q
                         net (fo=1, routed)           3.176     8.216    dig_OBUF[2]
    V19                  OBUF (Prop_obuf_I_O)         3.463    11.679 r  dig_OBUF[2]_inst/O
                         net (fo=0)                   0.000    11.679    dig[2]
    V19                                                               r  dig[2] (OUT)
  -------------------------------------------------------------------    -------------------





Min Delay Paths
--------------------------------------------------------------------------------------
Slack:                    inf
  Source:                 u_led/led_out_reg/C
                            (rising edge-triggered cell FDRE clocked by sys_clk  {rise@0.000ns fall@10.000ns period=20.000ns})
  Destination:            led_out
                            (output port)
  Path Group:             (none)
  Path Type:              Min at Fast Process Corner
  Data Path Delay:        1.828ns  (logic 1.434ns (78.425%)  route 0.394ns (21.575%))
  Logic Levels:           1  (OBUF=1)
  Clock Uncertainty:      0.025ns  ((TSJ^2 + TIJ^2)^1/2 + DJ) / 2 + PE
    Total System Jitter     (TSJ):    0.050ns
    Total Input Jitter      (TIJ):    0.000ns
    Discrete Jitter          (DJ):    0.000ns
    Phase Error              (PE):    0.000ns

    Location             Delay type                Incr(ns)  Path(ns)    Netlist Resource(s)
  -------------------------------------------------------------------    -------------------
                         (clock sys_clk rise edge)    0.000     0.000 r  
    Y18                                               0.000     0.000 r  clk (IN)
                         net (fo=0)                   0.000     0.000    clk
    Y18                  IBUF (Prop_ibuf_I_O)         0.312     0.312 r  clk_IBUF_inst/O
                         net (fo=1, routed)           0.640     0.952    clk_IBUF
    BUFGCTRL_X0Y0        BUFG (Prop_bufg_I_O)         0.026     0.978 r  clk_IBUF_BUFG_inst/O
                         net (fo=391, routed)         0.602     1.580    u_led/clk_IBUF_BUFG
    SLICE_X84Y61         FDRE                                         r  u_led/led_out_reg/C
  -------------------------------------------------------------------    -------------------
    SLICE_X84Y61         FDRE (Prop_fdre_C_Q)         0.164     1.744 r  u_led/led_out_reg/Q
                         net (fo=2, routed)           0.394     2.138    led_out_OBUF
    AA6                  OBUF (Prop_obuf_I_O)         1.270     3.408 r  led_out_OBUF_inst/O
                         net (fo=0)                   0.000     3.408    led_out
    AA6                                                               r  led_out (OUT)
  -------------------------------------------------------------------    -------------------

Slack:                    inf
  Source:                 u_display/dig_reg[1]/C
                            (rising edge-triggered cell FDSE clocked by sys_clk  {rise@0.000ns fall@10.000ns period=20.000ns})
  Destination:            dig[1]
                            (output port)
  Path Group:             (none)
  Path Type:              Min at Fast Process Corner
  Data Path Delay:        2.805ns  (logic 1.459ns (52.033%)  route 1.345ns (47.967%))
  Logic Levels:           1  (OBUF=1)
  Clock Uncertainty:      0.025ns  ((TSJ^2 + TIJ^2)^1/2 + DJ) / 2 + PE
    Total System Jitter     (TSJ):    0.050ns
    Total Input Jitter      (TIJ):    0.000ns
    Discrete Jitter          (DJ):    0.000ns
    Phase Error              (PE):    0.000ns

    Location             Delay type                Incr(ns)  Path(ns)    Netlist Resource(s)
  -------------------------------------------------------------------    -------------------
                         (clock sys_clk rise edge)    0.000     0.000 r  
    Y18                                               0.000     0.000 r  clk (IN)
                         net (fo=0)                   0.000     0.000    clk
    Y18                  IBUF (Prop_ibuf_I_O)         0.312     0.312 r  clk_IBUF_inst/O
                         net (fo=1, routed)           0.640     0.952    clk_IBUF
    BUFGCTRL_X0Y0        BUFG (Prop_bufg_I_O)         0.026     0.978 r  clk_IBUF_BUFG_inst/O
                         net (fo=391, routed)         0.566     1.544    u_display/clk_IBUF_BUFG
    SLICE_X66Y55         FDSE                                         r  u_display/dig_reg[1]/C
  -------------------------------------------------------------------    -------------------
    SLICE_X66Y55         FDSE (Prop_fdse_C_Q)         0.164     1.708 r  u_display/dig_reg[1]/Q
                         net (fo=1, routed)           1.345     3.053    dig_OBUF[1]
    V18                  OBUF (Prop_obuf_I_O)         1.295     4.349 r  dig_OBUF[1]_inst/O
                         net (fo=0)                   0.000     4.349    dig[1]
    V18                                                               r  dig[1] (OUT)
  -------------------------------------------------------------------    -------------------

Slack:                    inf
  Source:                 u_display/dig_reg[4]/C
                            (rising edge-triggered cell FDSE clocked by sys_clk  {rise@0.000ns fall@10.000ns period=20.000ns})
  Destination:            dig[4]
                            (output port)
  Path Group:             (none)
  Path Type:              Min at Fast Process Corner
  Data Path Delay:        2.820ns  (logic 1.468ns (52.050%)  route 1.352ns (47.950%))
  Logic Levels:           1  (OBUF=1)
  Clock Uncertainty:      0.025ns  ((TSJ^2 + TIJ^2)^1/2 + DJ) / 2 + PE
    Total System Jitter     (TSJ):    0.050ns
    Total Input Jitter      (TIJ):    0.000ns
    Discrete Jitter          (DJ):    0.000ns
    Phase Error              (PE):    0.000ns

    Location             Delay type                Incr(ns)  Path(ns)    Netlist Resource(s)
  -------------------------------------------------------------------    -------------------
                         (clock sys_clk rise edge)    0.000     0.000 r  
    Y18                                               0.000     0.000 r  clk (IN)
                         net (fo=0)                   0.000     0.000    clk
    Y18                  IBUF (Prop_ibuf_I_O)         0.312     0.312 r  clk_IBUF_inst/O
                         net (fo=1, routed)           0.640     0.952    clk_IBUF
    BUFGCTRL_X0Y0        BUFG (Prop_bufg_I_O)         0.026     0.978 r  clk_IBUF_BUFG_inst/O
                         net (fo=391, routed)         0.566     1.544    u_display/clk_IBUF_BUFG
    SLICE_X66Y55         FDSE                                         r  u_display/dig_reg[4]/C
  -------------------------------------------------------------------    -------------------
    SLICE_X66Y55         FDSE (Prop_fdse_C_Q)         0.164     1.708 r  u_display/dig_reg[4]/Q
                         net (fo=1, routed)           1.352     3.060    dig_OBUF[4]
    AB20                 OBUF (Prop_obuf_I_O)         1.304     4.364 r  dig_OBUF[4]_inst/O
                         net (fo=0)                   0.000     4.364    dig[4]
    AB20                                                              r  dig[4] (OUT)
  -------------------------------------------------------------------    -------------------

Slack:                    inf
  Source:                 u_display/dig_reg[7]/C
                            (rising edge-triggered cell FDSE clocked by sys_clk  {rise@0.000ns fall@10.000ns period=20.000ns})
  Destination:            dig[7]
                            (output port)
  Path Group:             (none)
  Path Type:              Min at Fast Process Corner
  Data Path Delay:        2.822ns  (logic 1.442ns (51.082%)  route 1.381ns (48.918%))
  Logic Levels:           1  (OBUF=1)
  Clock Uncertainty:      0.025ns  ((TSJ^2 + TIJ^2)^1/2 + DJ) / 2 + PE
    Total System Jitter     (TSJ):    0.050ns
    Total Input Jitter      (TIJ):    0.000ns
    Discrete Jitter          (DJ):    0.000ns
    Phase Error              (PE):    0.000ns

    Location             Delay type                Incr(ns)  Path(ns)    Netlist Resource(s)
  -------------------------------------------------------------------    -------------------
                         (clock sys_clk rise edge)    0.000     0.000 r  
    Y18                                               0.000     0.000 r  clk (IN)
                         net (fo=0)                   0.000     0.000    clk
    Y18                  IBUF (Prop_ibuf_I_O)         0.312     0.312 r  clk_IBUF_inst/O
                         net (fo=1, routed)           0.640     0.952    clk_IBUF
    BUFGCTRL_X0Y0        BUFG (Prop_bufg_I_O)         0.026     0.978 r  clk_IBUF_BUFG_inst/O
                         net (fo=391, routed)         0.566     1.544    u_display/clk_IBUF_BUFG
    SLICE_X67Y55         FDSE                                         r  u_display/dig_reg[7]/C
  -------------------------------------------------------------------    -------------------
    SLICE_X67Y55         FDSE (Prop_fdse_C_Q)         0.141     1.685 r  u_display/dig_reg[7]/Q
                         net (fo=1, routed)           1.381     3.065    dig_OBUF[7]
    AA18                 OBUF (Prop_obuf_I_O)         1.301     4.366 r  dig_OBUF[7]_inst/O
                         net (fo=0)                   0.000     4.366    dig[7]
    AA18                                                              r  dig[7] (OUT)
  -------------------------------------------------------------------    -------------------

Slack:                    inf
  Source:                 u_display/dig_reg[6]/C
                            (rising edge-triggered cell FDSE clocked by sys_clk  {rise@0.000ns fall@10.000ns period=20.000ns})
  Destination:            dig[6]
                            (output port)
  Path Group:             (none)
  Path Type:              Min at Fast Process Corner
  Data Path Delay:        2.831ns  (logic 1.492ns (52.687%)  route 1.340ns (47.313%))
  Logic Levels:           1  (OBUF=1)
  Clock Uncertainty:      0.025ns  ((TSJ^2 + TIJ^2)^1/2 + DJ) / 2 + PE
    Total System Jitter     (TSJ):    0.050ns
    Total Input Jitter      (TIJ):    0.000ns
    Discrete Jitter          (DJ):    0.000ns
    Phase Error              (PE):    0.000ns

    Location             Delay type                Incr(ns)  Path(ns)    Netlist Resource(s)
  -------------------------------------------------------------------    -------------------
                         (clock sys_clk rise edge)    0.000     0.000 r  
    Y18                                               0.000     0.000 r  clk (IN)
                         net (fo=0)                   0.000     0.000    clk
    Y18                  IBUF (Prop_ibuf_I_O)         0.312     0.312 r  clk_IBUF_inst/O
                         net (fo=1, routed)           0.640     0.952    clk_IBUF
    BUFGCTRL_X0Y0        BUFG (Prop_bufg_I_O)         0.026     0.978 r  clk_IBUF_BUFG_inst/O
                         net (fo=391, routed)         0.566     1.544    u_display/clk_IBUF_BUFG
    SLICE_X66Y55         FDSE                                         r  u_display/dig_reg[6]/C
  -------------------------------------------------------------------    -------------------
    SLICE_X66Y55         FDSE (Prop_fdse_C_Q)         0.148     1.692 r  u_display/dig_reg[6]/Q
                         net (fo=1, routed)           1.340     3.031    dig_OBUF[6]
    W17                  OBUF (Prop_obuf_I_O)         1.344     4.375 r  dig_OBUF[6]_inst/O
                         net (fo=0)                   0.000     4.375    dig[6]
    W17                                                               r  dig[6] (OUT)
  -------------------------------------------------------------------    -------------------

Slack:                    inf
  Source:                 u_display/dig_reg[5]/C
                            (rising edge-triggered cell FDSE clocked by sys_clk  {rise@0.000ns fall@10.000ns period=20.000ns})
  Destination:            dig[5]
                            (output port)
  Path Group:             (none)
  Path Type:              Min at Fast Process Corner
  Data Path Delay:        2.841ns  (logic 1.453ns (51.154%)  route 1.388ns (48.846%))
  Logic Levels:           1  (OBUF=1)
  Clock Uncertainty:      0.025ns  ((TSJ^2 + TIJ^2)^1/2 + DJ) / 2 + PE
    Total System Jitter     (TSJ):    0.050ns
    Total Input Jitter      (TIJ):    0.000ns
    Discrete Jitter          (DJ):    0.000ns
    Phase Error              (PE):    0.000ns

    Location             Delay type                Incr(ns)  Path(ns)    Netlist Resource(s)
  -------------------------------------------------------------------    -------------------
                         (clock sys_clk rise edge)    0.000     0.000 r  
    Y18                                               0.000     0.000 r  clk (IN)
                         net (fo=0)                   0.000     0.000    clk
    Y18                  IBUF (Prop_ibuf_I_O)         0.312     0.312 r  clk_IBUF_inst/O
                         net (fo=1, routed)           0.640     0.952    clk_IBUF
    BUFGCTRL_X0Y0        BUFG (Prop_bufg_I_O)         0.026     0.978 r  clk_IBUF_BUFG_inst/O
                         net (fo=391, routed)         0.566     1.544    u_display/clk_IBUF_BUFG
    SLICE_X66Y55         FDSE                                         r  u_display/dig_reg[5]/C
  -------------------------------------------------------------------    -------------------
    SLICE_X66Y55         FDSE (Prop_fdse_C_Q)         0.164     1.708 r  u_display/dig_reg[5]/Q
                         net (fo=1, routed)           1.388     3.096    dig_OBUF[5]
    V17                  OBUF (Prop_obuf_I_O)         1.289     4.385 r  dig_OBUF[5]_inst/O
                         net (fo=0)                   0.000     4.385    dig[5]
    V17                                                               r  dig[5] (OUT)
  -------------------------------------------------------------------    -------------------

Slack:                    inf
  Source:                 u_display/dig_reg[2]/C
                            (rising edge-triggered cell FDSE clocked by sys_clk  {rise@0.000ns fall@10.000ns period=20.000ns})
  Destination:            dig[2]
                            (output port)
  Path Group:             (none)
  Path Type:              Min at Fast Process Corner
  Data Path Delay:        2.853ns  (logic 1.490ns (52.208%)  route 1.364ns (47.792%))
  Logic Levels:           1  (OBUF=1)
  Clock Uncertainty:      0.025ns  ((TSJ^2 + TIJ^2)^1/2 + DJ) / 2 + PE
    Total System Jitter     (TSJ):    0.050ns
    Total Input Jitter      (TIJ):    0.000ns
    Discrete Jitter          (DJ):    0.000ns
    Phase Error              (PE):    0.000ns

    Location             Delay type                Incr(ns)  Path(ns)    Netlist Resource(s)
  -------------------------------------------------------------------    -------------------
                         (clock sys_clk rise edge)    0.000     0.000 r  
    Y18                                               0.000     0.000 r  clk (IN)
                         net (fo=0)                   0.000     0.000    clk
    Y18                  IBUF (Prop_ibuf_I_O)         0.312     0.312 r  clk_IBUF_inst/O
                         net (fo=1, routed)           0.640     0.952    clk_IBUF
    BUFGCTRL_X0Y0        BUFG (Prop_bufg_I_O)         0.026     0.978 r  clk_IBUF_BUFG_inst/O
                         net (fo=391, routed)         0.566     1.544    u_display/clk_IBUF_BUFG
    SLICE_X66Y55         FDSE                                         r  u_display/dig_reg[2]/C
  -------------------------------------------------------------------    -------------------
    SLICE_X66Y55         FDSE (Prop_fdse_C_Q)         0.148     1.692 r  u_display/dig_reg[2]/Q
                         net (fo=1, routed)           1.364     3.055    dig_OBUF[2]
    V19                  OBUF (Prop_obuf_I_O)         1.342     4.397 r  dig_OBUF[2]_inst/O
                         net (fo=0)                   0.000     4.397    dig[2]
    V19                                                               r  dig[2] (OUT)
  -------------------------------------------------------------------    -------------------

Slack:                    inf
  Source:                 u_display/dig_reg[0]/C
                            (rising edge-triggered cell FDSE clocked by sys_clk  {rise@0.000ns fall@10.000ns period=20.000ns})
  Destination:            dig[0]
                            (output port)
  Path Group:             (none)
  Path Type:              Min at Fast Process Corner
  Data Path Delay:        2.876ns  (logic 1.468ns (51.054%)  route 1.407ns (48.946%))
  Logic Levels:           1  (OBUF=1)
  Clock Uncertainty:      0.025ns  ((TSJ^2 + TIJ^2)^1/2 + DJ) / 2 + PE
    Total System Jitter     (TSJ):    0.050ns
    Total Input Jitter      (TIJ):    0.000ns
    Discrete Jitter          (DJ):    0.000ns
    Phase Error              (PE):    0.000ns

    Location             Delay type                Incr(ns)  Path(ns)    Netlist Resource(s)
  -------------------------------------------------------------------    -------------------
                         (clock sys_clk rise edge)    0.000     0.000 r  
    Y18                                               0.000     0.000 r  clk (IN)
                         net (fo=0)                   0.000     0.000    clk
    Y18                  IBUF (Prop_ibuf_I_O)         0.312     0.312 r  clk_IBUF_inst/O
                         net (fo=1, routed)           0.640     0.952    clk_IBUF
    BUFGCTRL_X0Y0        BUFG (Prop_bufg_I_O)         0.026     0.978 r  clk_IBUF_BUFG_inst/O
                         net (fo=391, routed)         0.566     1.544    u_display/clk_IBUF_BUFG
    SLICE_X66Y55         FDSE                                         r  u_display/dig_reg[0]/C
  -------------------------------------------------------------------    -------------------
    SLICE_X66Y55         FDSE (Prop_fdse_C_Q)         0.164     1.708 r  u_display/dig_reg[0]/Q
                         net (fo=1, routed)           1.407     3.115    dig_OBUF[0]
    Y19                  OBUF (Prop_obuf_I_O)         1.304     4.419 r  dig_OBUF[0]_inst/O
                         net (fo=0)                   0.000     4.419    dig[0]
    Y19                                                               r  dig[0] (OUT)
  -------------------------------------------------------------------    -------------------

Slack:                    inf
  Source:                 u_display/dig_reg[3]/C
                            (rising edge-triggered cell FDSE clocked by sys_clk  {rise@0.000ns fall@10.000ns period=20.000ns})
  Destination:            dig[3]
                            (output port)
  Path Group:             (none)
  Path Type:              Min at Fast Process Corner
  Data Path Delay:        2.906ns  (logic 1.507ns (51.851%)  route 1.399ns (48.149%))
  Logic Levels:           1  (OBUF=1)
  Clock Uncertainty:      0.025ns  ((TSJ^2 + TIJ^2)^1/2 + DJ) / 2 + PE
    Total System Jitter     (TSJ):    0.050ns
    Total Input Jitter      (TIJ):    0.000ns
    Discrete Jitter          (DJ):    0.000ns
    Phase Error              (PE):    0.000ns

    Location             Delay type                Incr(ns)  Path(ns)    Netlist Resource(s)
  -------------------------------------------------------------------    -------------------
                         (clock sys_clk rise edge)    0.000     0.000 r  
    Y18                                               0.000     0.000 r  clk (IN)
                         net (fo=0)                   0.000     0.000    clk
    Y18                  IBUF (Prop_ibuf_I_O)         0.312     0.312 r  clk_IBUF_inst/O
                         net (fo=1, routed)           0.640     0.952    clk_IBUF
    BUFGCTRL_X0Y0        BUFG (Prop_bufg_I_O)         0.026     0.978 r  clk_IBUF_BUFG_inst/O
                         net (fo=391, routed)         0.566     1.544    u_display/clk_IBUF_BUFG
    SLICE_X66Y55         FDSE                                         r  u_display/dig_reg[3]/C
  -------------------------------------------------------------------    -------------------
    SLICE_X66Y55         FDSE (Prop_fdse_C_Q)         0.148     1.692 r  u_display/dig_reg[3]/Q
                         net (fo=1, routed)           1.399     3.091    dig_OBUF[3]
    AA19                 OBUF (Prop_obuf_I_O)         1.359     4.450 r  dig_OBUF[3]_inst/O
                         net (fo=0)                   0.000     4.450    dig[3]
    AA19                                                              r  dig[3] (OUT)
  -------------------------------------------------------------------    -------------------

Slack:                    inf
  Source:                 u_display/seg_reg[4]/C
                            (rising edge-triggered cell FDSE clocked by sys_clk  {rise@0.000ns fall@10.000ns period=20.000ns})
  Destination:            seg[4]
                            (output port)
  Path Group:             (none)
  Path Type:              Min at Fast Process Corner
  Data Path Delay:        2.884ns  (logic 1.408ns (48.817%)  route 1.476ns (51.183%))
  Logic Levels:           1  (OBUF=1)
  Clock Uncertainty:      0.025ns  ((TSJ^2 + TIJ^2)^1/2 + DJ) / 2 + PE
    Total System Jitter     (TSJ):    0.050ns
    Total Input Jitter      (TIJ):    0.000ns
    Discrete Jitter          (DJ):    0.000ns
    Phase Error              (PE):    0.000ns

    Location             Delay type                Incr(ns)  Path(ns)    Netlist Resource(s)
  -------------------------------------------------------------------    -------------------
                         (clock sys_clk rise edge)    0.000     0.000 r  
    Y18                                               0.000     0.000 r  clk (IN)
                         net (fo=0)                   0.000     0.000    clk
    Y18                  IBUF (Prop_ibuf_I_O)         0.312     0.312 r  clk_IBUF_inst/O
                         net (fo=1, routed)           0.640     0.952    clk_IBUF
    BUFGCTRL_X0Y0        BUFG (Prop_bufg_I_O)         0.026     0.978 r  clk_IBUF_BUFG_inst/O
                         net (fo=391, routed)         0.598     1.576    u_display/clk_IBUF_BUFG
    SLICE_X78Y54         FDSE                                         r  u_display/seg_reg[4]/C
  -------------------------------------------------------------------    -------------------
    SLICE_X78Y54         FDSE (Prop_fdse_C_Q)         0.164     1.740 r  u_display/seg_reg[4]/Q
                         net (fo=1, routed)           1.476     3.216    seg_OBUF[4]
    R14                  OBUF (Prop_obuf_I_O)         1.244     4.460 r  seg_OBUF[4]_inst/O
                         net (fo=0)                   0.000     4.460    seg[4]
    R14                                                               r  seg[4] (OUT)
  -------------------------------------------------------------------    -------------------





--------------------------------------------------------------------------------------
Path Group:  (none)
From Clock:  
  To Clock:  sys_clk

Max Delay           520 Endpoints
Min Delay           520 Endpoints
--------------------------------------------------------------------------------------


Max Delay Paths
--------------------------------------------------------------------------------------
Slack:                    inf
  Source:                 key[3]
                            (input port)
  Destination:            u_alarm/phase_count_reg[0]/R
                            (rising edge-triggered cell FDRE clocked by sys_clk  {rise@0.000ns fall@10.000ns period=20.000ns})
  Path Group:             (none)
  Path Type:              Setup (Max at Slow Process Corner)
  Data Path Delay:        8.645ns  (logic 1.938ns (22.413%)  route 6.707ns (77.587%))
  Logic Levels:           4  (IBUF=1 LUT4=1 LUT5=1 LUT6=1)
  Clock Path Skew:        4.458ns (DCD - SCD + CPR)
    Destination Clock Delay (DCD):    4.458ns
    Source Clock Delay      (SCD):    0.000ns
    Clock Pessimism Removal (CPR):    0.000ns
  Clock Uncertainty:      0.025ns  ((TSJ^2 + TIJ^2)^1/2 + DJ) / 2 + PE
    Total System Jitter     (TSJ):    0.050ns
    Total Input Jitter      (TIJ):    0.000ns
    Discrete Jitter          (DJ):    0.000ns
    Phase Error              (PE):    0.000ns

    Location             Delay type                Incr(ns)  Path(ns)    Netlist Resource(s)
  -------------------------------------------------------------------    -------------------
    R19                                               0.000     0.000 f  key[3] (IN)
                         net (fo=0)                   0.000     0.000    key[3]
    R19                  IBUF (Prop_ibuf_I_O)         1.441     1.441 f  key_IBUF[3]_inst/O
                         net (fo=2, routed)           3.331     4.772    u_display/D[3]
    SLICE_X72Y64         LUT6 (Prop_lut6_I4_O)        0.105     4.877 r  u_display/sync0[3]_i_1/O
                         net (fo=155, routed)         1.644     6.521    u_control/rst
    SLICE_X77Y56         LUT4 (Prop_lut4_I3_O)        0.108     6.629 r  u_control/waiting_i_4/O
                         net (fo=4, routed)           1.182     7.810    u_alarm/waiting_reg_0
    SLICE_X88Y56         LUT5 (Prop_lut5_I0_O)        0.284     8.094 r  u_alarm/phase_count[3]_i_1/O
                         net (fo=4, routed)           0.550     8.645    u_alarm/phase_count[3]_i_1_n_0
    SLICE_X89Y56         FDRE                                         r  u_alarm/phase_count_reg[0]/R
  -------------------------------------------------------------------    -------------------

                         (clock sys_clk rise edge)    0.000     0.000 r  
    Y18                                               0.000     0.000 r  clk (IN)
                         net (fo=0)                   0.000     0.000    clk
    Y18                  IBUF (Prop_ibuf_I_O)         1.409     1.409 r  clk_IBUF_inst/O
                         net (fo=1, routed)           1.620     3.030    clk_IBUF
    BUFGCTRL_X0Y0        BUFG (Prop_bufg_I_O)         0.077     3.107 r  clk_IBUF_BUFG_inst/O
                         net (fo=391, routed)         1.352     4.458    u_alarm/clk_IBUF_BUFG
    SLICE_X89Y56         FDRE                                         r  u_alarm/phase_count_reg[0]/C

Slack:                    inf
  Source:                 key[3]
                            (input port)
  Destination:            u_alarm/phase_count_reg[1]/R
                            (rising edge-triggered cell FDRE clocked by sys_clk  {rise@0.000ns fall@10.000ns period=20.000ns})
  Path Group:             (none)
  Path Type:              Setup (Max at Slow Process Corner)
  Data Path Delay:        8.645ns  (logic 1.938ns (22.413%)  route 6.707ns (77.587%))
  Logic Levels:           4  (IBUF=1 LUT4=1 LUT5=1 LUT6=1)
  Clock Path Skew:        4.458ns (DCD - SCD + CPR)
    Destination Clock Delay (DCD):    4.458ns
    Source Clock Delay      (SCD):    0.000ns
    Clock Pessimism Removal (CPR):    0.000ns
  Clock Uncertainty:      0.025ns  ((TSJ^2 + TIJ^2)^1/2 + DJ) / 2 + PE
    Total System Jitter     (TSJ):    0.050ns
    Total Input Jitter      (TIJ):    0.000ns
    Discrete Jitter          (DJ):    0.000ns
    Phase Error              (PE):    0.000ns

    Location             Delay type                Incr(ns)  Path(ns)    Netlist Resource(s)
  -------------------------------------------------------------------    -------------------
    R19                                               0.000     0.000 f  key[3] (IN)
                         net (fo=0)                   0.000     0.000    key[3]
    R19                  IBUF (Prop_ibuf_I_O)         1.441     1.441 f  key_IBUF[3]_inst/O
                         net (fo=2, routed)           3.331     4.772    u_display/D[3]
    SLICE_X72Y64         LUT6 (Prop_lut6_I4_O)        0.105     4.877 r  u_display/sync0[3]_i_1/O
                         net (fo=155, routed)         1.644     6.521    u_control/rst
    SLICE_X77Y56         LUT4 (Prop_lut4_I3_O)        0.108     6.629 r  u_control/waiting_i_4/O
                         net (fo=4, routed)           1.182     7.810    u_alarm/waiting_reg_0
    SLICE_X88Y56         LUT5 (Prop_lut5_I0_O)        0.284     8.094 r  u_alarm/phase_count[3]_i_1/O
                         net (fo=4, routed)           0.550     8.645    u_alarm/phase_count[3]_i_1_n_0
    SLICE_X89Y56         FDRE                                         r  u_alarm/phase_count_reg[1]/R
  -------------------------------------------------------------------    -------------------

                         (clock sys_clk rise edge)    0.000     0.000 r  
    Y18                                               0.000     0.000 r  clk (IN)
                         net (fo=0)                   0.000     0.000    clk
    Y18                  IBUF (Prop_ibuf_I_O)         1.409     1.409 r  clk_IBUF_inst/O
                         net (fo=1, routed)           1.620     3.030    clk_IBUF
    BUFGCTRL_X0Y0        BUFG (Prop_bufg_I_O)         0.077     3.107 r  clk_IBUF_BUFG_inst/O
                         net (fo=391, routed)         1.352     4.458    u_alarm/clk_IBUF_BUFG
    SLICE_X89Y56         FDRE                                         r  u_alarm/phase_count_reg[1]/C

Slack:                    inf
  Source:                 key[3]
                            (input port)
  Destination:            u_alarm/phase_count_reg[2]/R
                            (rising edge-triggered cell FDRE clocked by sys_clk  {rise@0.000ns fall@10.000ns period=20.000ns})
  Path Group:             (none)
  Path Type:              Setup (Max at Slow Process Corner)
  Data Path Delay:        8.645ns  (logic 1.938ns (22.413%)  route 6.707ns (77.587%))
  Logic Levels:           4  (IBUF=1 LUT4=1 LUT5=1 LUT6=1)
  Clock Path Skew:        4.458ns (DCD - SCD + CPR)
    Destination Clock Delay (DCD):    4.458ns
    Source Clock Delay      (SCD):    0.000ns
    Clock Pessimism Removal (CPR):    0.000ns
  Clock Uncertainty:      0.025ns  ((TSJ^2 + TIJ^2)^1/2 + DJ) / 2 + PE
    Total System Jitter     (TSJ):    0.050ns
    Total Input Jitter      (TIJ):    0.000ns
    Discrete Jitter          (DJ):    0.000ns
    Phase Error              (PE):    0.000ns

    Location             Delay type                Incr(ns)  Path(ns)    Netlist Resource(s)
  -------------------------------------------------------------------    -------------------
    R19                                               0.000     0.000 f  key[3] (IN)
                         net (fo=0)                   0.000     0.000    key[3]
    R19                  IBUF (Prop_ibuf_I_O)         1.441     1.441 f  key_IBUF[3]_inst/O
                         net (fo=2, routed)           3.331     4.772    u_display/D[3]
    SLICE_X72Y64         LUT6 (Prop_lut6_I4_O)        0.105     4.877 r  u_display/sync0[3]_i_1/O
                         net (fo=155, routed)         1.644     6.521    u_control/rst
    SLICE_X77Y56         LUT4 (Prop_lut4_I3_O)        0.108     6.629 r  u_control/waiting_i_4/O
                         net (fo=4, routed)           1.182     7.810    u_alarm/waiting_reg_0
    SLICE_X88Y56         LUT5 (Prop_lut5_I0_O)        0.284     8.094 r  u_alarm/phase_count[3]_i_1/O
                         net (fo=4, routed)           0.550     8.645    u_alarm/phase_count[3]_i_1_n_0
    SLICE_X89Y56         FDRE                                         r  u_alarm/phase_count_reg[2]/R
  -------------------------------------------------------------------    -------------------

                         (clock sys_clk rise edge)    0.000     0.000 r  
    Y18                                               0.000     0.000 r  clk (IN)
                         net (fo=0)                   0.000     0.000    clk
    Y18                  IBUF (Prop_ibuf_I_O)         1.409     1.409 r  clk_IBUF_inst/O
                         net (fo=1, routed)           1.620     3.030    clk_IBUF
    BUFGCTRL_X0Y0        BUFG (Prop_bufg_I_O)         0.077     3.107 r  clk_IBUF_BUFG_inst/O
                         net (fo=391, routed)         1.352     4.458    u_alarm/clk_IBUF_BUFG
    SLICE_X89Y56         FDRE                                         r  u_alarm/phase_count_reg[2]/C

Slack:                    inf
  Source:                 key[3]
                            (input port)
  Destination:            u_alarm/phase_count_reg[3]/R
                            (rising edge-triggered cell FDRE clocked by sys_clk  {rise@0.000ns fall@10.000ns period=20.000ns})
  Path Group:             (none)
  Path Type:              Setup (Max at Slow Process Corner)
  Data Path Delay:        8.645ns  (logic 1.938ns (22.413%)  route 6.707ns (77.587%))
  Logic Levels:           4  (IBUF=1 LUT4=1 LUT5=1 LUT6=1)
  Clock Path Skew:        4.458ns (DCD - SCD + CPR)
    Destination Clock Delay (DCD):    4.458ns
    Source Clock Delay      (SCD):    0.000ns
    Clock Pessimism Removal (CPR):    0.000ns
  Clock Uncertainty:      0.025ns  ((TSJ^2 + TIJ^2)^1/2 + DJ) / 2 + PE
    Total System Jitter     (TSJ):    0.050ns
    Total Input Jitter      (TIJ):    0.000ns
    Discrete Jitter          (DJ):    0.000ns
    Phase Error              (PE):    0.000ns

    Location             Delay type                Incr(ns)  Path(ns)    Netlist Resource(s)
  -------------------------------------------------------------------    -------------------
    R19                                               0.000     0.000 f  key[3] (IN)
                         net (fo=0)                   0.000     0.000    key[3]
    R19                  IBUF (Prop_ibuf_I_O)         1.441     1.441 f  key_IBUF[3]_inst/O
                         net (fo=2, routed)           3.331     4.772    u_display/D[3]
    SLICE_X72Y64         LUT6 (Prop_lut6_I4_O)        0.105     4.877 r  u_display/sync0[3]_i_1/O
                         net (fo=155, routed)         1.644     6.521    u_control/rst
    SLICE_X77Y56         LUT4 (Prop_lut4_I3_O)        0.108     6.629 r  u_control/waiting_i_4/O
                         net (fo=4, routed)           1.182     7.810    u_alarm/waiting_reg_0
    SLICE_X88Y56         LUT5 (Prop_lut5_I0_O)        0.284     8.094 r  u_alarm/phase_count[3]_i_1/O
                         net (fo=4, routed)           0.550     8.645    u_alarm/phase_count[3]_i_1_n_0
    SLICE_X89Y56         FDRE                                         r  u_alarm/phase_count_reg[3]/R
  -------------------------------------------------------------------    -------------------

                         (clock sys_clk rise edge)    0.000     0.000 r  
    Y18                                               0.000     0.000 r  clk (IN)
                         net (fo=0)                   0.000     0.000    clk
    Y18                  IBUF (Prop_ibuf_I_O)         1.409     1.409 r  clk_IBUF_inst/O
                         net (fo=1, routed)           1.620     3.030    clk_IBUF
    BUFGCTRL_X0Y0        BUFG (Prop_bufg_I_O)         0.077     3.107 r  clk_IBUF_BUFG_inst/O
                         net (fo=391, routed)         1.352     4.458    u_alarm/clk_IBUF_BUFG
    SLICE_X89Y56         FDRE                                         r  u_alarm/phase_count_reg[3]/C

Slack:                    inf
  Source:                 key[3]
                            (input port)
  Destination:            u_key_driver/debounce_count_reg[3][16]/R
                            (rising edge-triggered cell FDRE clocked by sys_clk  {rise@0.000ns fall@10.000ns period=20.000ns})
  Path Group:             (none)
  Path Type:              Setup (Max at Slow Process Corner)
  Data Path Delay:        8.514ns  (logic 1.651ns (19.387%)  route 6.863ns (80.613%))
  Logic Levels:           3  (IBUF=1 LUT4=1 LUT6=1)
  Clock Path Skew:        4.450ns (DCD - SCD + CPR)
    Destination Clock Delay (DCD):    4.450ns
    Source Clock Delay      (SCD):    0.000ns
    Clock Pessimism Removal (CPR):    0.000ns
  Clock Uncertainty:      0.025ns  ((TSJ^2 + TIJ^2)^1/2 + DJ) / 2 + PE
    Total System Jitter     (TSJ):    0.050ns
    Total Input Jitter      (TIJ):    0.000ns
    Discrete Jitter          (DJ):    0.000ns
    Phase Error              (PE):    0.000ns

    Location             Delay type                Incr(ns)  Path(ns)    Netlist Resource(s)
  -------------------------------------------------------------------    -------------------
    R19                                               0.000     0.000 f  key[3] (IN)
                         net (fo=0)                   0.000     0.000    key[3]
    R19                  IBUF (Prop_ibuf_I_O)         1.441     1.441 f  key_IBUF[3]_inst/O
                         net (fo=2, routed)           3.331     4.772    u_display/D[3]
    SLICE_X72Y64         LUT6 (Prop_lut6_I4_O)        0.105     4.877 r  u_display/sync0[3]_i_1/O
                         net (fo=155, routed)         2.537     7.414    u_key_driver/rst
    SLICE_X86Y64         LUT4 (Prop_lut4_I2_O)        0.105     7.519 r  u_key_driver/debounce_count[3][0]_i_1/O
                         net (fo=19, routed)          0.995     8.514    u_key_driver/debounce_count[3][0]_i_1_n_0
    SLICE_X87Y68         FDRE                                         r  u_key_driver/debounce_count_reg[3][16]/R
  -------------------------------------------------------------------    -------------------

                         (clock sys_clk rise edge)    0.000     0.000 r  
    Y18                                               0.000     0.000 r  clk (IN)
                         net (fo=0)                   0.000     0.000    clk
    Y18                  IBUF (Prop_ibuf_I_O)         1.409     1.409 r  clk_IBUF_inst/O
                         net (fo=1, routed)           1.620     3.030    clk_IBUF
    BUFGCTRL_X0Y0        BUFG (Prop_bufg_I_O)         0.077     3.107 r  clk_IBUF_BUFG_inst/O
                         net (fo=391, routed)         1.344     4.450    u_key_driver/clk_IBUF_BUFG
    SLICE_X87Y68         FDRE                                         r  u_key_driver/debounce_count_reg[3][16]/C

Slack:                    inf
  Source:                 key[3]
                            (input port)
  Destination:            u_key_driver/debounce_count_reg[3][17]/R
                            (rising edge-triggered cell FDRE clocked by sys_clk  {rise@0.000ns fall@10.000ns period=20.000ns})
  Path Group:             (none)
  Path Type:              Setup (Max at Slow Process Corner)
  Data Path Delay:        8.514ns  (logic 1.651ns (19.387%)  route 6.863ns (80.613%))
  Logic Levels:           3  (IBUF=1 LUT4=1 LUT6=1)
  Clock Path Skew:        4.450ns (DCD - SCD + CPR)
    Destination Clock Delay (DCD):    4.450ns
    Source Clock Delay      (SCD):    0.000ns
    Clock Pessimism Removal (CPR):    0.000ns
  Clock Uncertainty:      0.025ns  ((TSJ^2 + TIJ^2)^1/2 + DJ) / 2 + PE
    Total System Jitter     (TSJ):    0.050ns
    Total Input Jitter      (TIJ):    0.000ns
    Discrete Jitter          (DJ):    0.000ns
    Phase Error              (PE):    0.000ns

    Location             Delay type                Incr(ns)  Path(ns)    Netlist Resource(s)
  -------------------------------------------------------------------    -------------------
    R19                                               0.000     0.000 f  key[3] (IN)
                         net (fo=0)                   0.000     0.000    key[3]
    R19                  IBUF (Prop_ibuf_I_O)         1.441     1.441 f  key_IBUF[3]_inst/O
                         net (fo=2, routed)           3.331     4.772    u_display/D[3]
    SLICE_X72Y64         LUT6 (Prop_lut6_I4_O)        0.105     4.877 r  u_display/sync0[3]_i_1/O
                         net (fo=155, routed)         2.537     7.414    u_key_driver/rst
    SLICE_X86Y64         LUT4 (Prop_lut4_I2_O)        0.105     7.519 r  u_key_driver/debounce_count[3][0]_i_1/O
                         net (fo=19, routed)          0.995     8.514    u_key_driver/debounce_count[3][0]_i_1_n_0
    SLICE_X87Y68         FDRE                                         r  u_key_driver/debounce_count_reg[3][17]/R
  -------------------------------------------------------------------    -------------------

                         (clock sys_clk rise edge)    0.000     0.000 r  
    Y18                                               0.000     0.000 r  clk (IN)
                         net (fo=0)                   0.000     0.000    clk
    Y18                  IBUF (Prop_ibuf_I_O)         1.409     1.409 r  clk_IBUF_inst/O
                         net (fo=1, routed)           1.620     3.030    clk_IBUF
    BUFGCTRL_X0Y0        BUFG (Prop_bufg_I_O)         0.077     3.107 r  clk_IBUF_BUFG_inst/O
                         net (fo=391, routed)         1.344     4.450    u_key_driver/clk_IBUF_BUFG
    SLICE_X87Y68         FDRE                                         r  u_key_driver/debounce_count_reg[3][17]/C

Slack:                    inf
  Source:                 key[3]
                            (input port)
  Destination:            u_key_driver/debounce_count_reg[3][18]/R
                            (rising edge-triggered cell FDRE clocked by sys_clk  {rise@0.000ns fall@10.000ns period=20.000ns})
  Path Group:             (none)
  Path Type:              Setup (Max at Slow Process Corner)
  Data Path Delay:        8.514ns  (logic 1.651ns (19.387%)  route 6.863ns (80.613%))
  Logic Levels:           3  (IBUF=1 LUT4=1 LUT6=1)
  Clock Path Skew:        4.450ns (DCD - SCD + CPR)
    Destination Clock Delay (DCD):    4.450ns
    Source Clock Delay      (SCD):    0.000ns
    Clock Pessimism Removal (CPR):    0.000ns
  Clock Uncertainty:      0.025ns  ((TSJ^2 + TIJ^2)^1/2 + DJ) / 2 + PE
    Total System Jitter     (TSJ):    0.050ns
    Total Input Jitter      (TIJ):    0.000ns
    Discrete Jitter          (DJ):    0.000ns
    Phase Error              (PE):    0.000ns

    Location             Delay type                Incr(ns)  Path(ns)    Netlist Resource(s)
  -------------------------------------------------------------------    -------------------
    R19                                               0.000     0.000 f  key[3] (IN)
                         net (fo=0)                   0.000     0.000    key[3]
    R19                  IBUF (Prop_ibuf_I_O)         1.441     1.441 f  key_IBUF[3]_inst/O
                         net (fo=2, routed)           3.331     4.772    u_display/D[3]
    SLICE_X72Y64         LUT6 (Prop_lut6_I4_O)        0.105     4.877 r  u_display/sync0[3]_i_1/O
                         net (fo=155, routed)         2.537     7.414    u_key_driver/rst
    SLICE_X86Y64         LUT4 (Prop_lut4_I2_O)        0.105     7.519 r  u_key_driver/debounce_count[3][0]_i_1/O
                         net (fo=19, routed)          0.995     8.514    u_key_driver/debounce_count[3][0]_i_1_n_0
    SLICE_X87Y68         FDRE                                         r  u_key_driver/debounce_count_reg[3][18]/R
  -------------------------------------------------------------------    -------------------

                         (clock sys_clk rise edge)    0.000     0.000 r  
    Y18                                               0.000     0.000 r  clk (IN)
                         net (fo=0)                   0.000     0.000    clk
    Y18                  IBUF (Prop_ibuf_I_O)         1.409     1.409 r  clk_IBUF_inst/O
                         net (fo=1, routed)           1.620     3.030    clk_IBUF
    BUFGCTRL_X0Y0        BUFG (Prop_bufg_I_O)         0.077     3.107 r  clk_IBUF_BUFG_inst/O
                         net (fo=391, routed)         1.344     4.450    u_key_driver/clk_IBUF_BUFG
    SLICE_X87Y68         FDRE                                         r  u_key_driver/debounce_count_reg[3][18]/C

Slack:                    inf
  Source:                 key[3]
                            (input port)
  Destination:            u_key_driver/key_pulse_reg[1]/D
                            (rising edge-triggered cell FDRE clocked by sys_clk  {rise@0.000ns fall@10.000ns period=20.000ns})
  Path Group:             (none)
  Path Type:              Setup (Max at Slow Process Corner)
  Data Path Delay:        8.477ns  (logic 1.756ns (20.709%)  route 6.722ns (79.291%))
  Logic Levels:           4  (IBUF=1 LUT6=3)
  Clock Path Skew:        4.444ns (DCD - SCD + CPR)
    Destination Clock Delay (DCD):    4.444ns
    Source Clock Delay      (SCD):    0.000ns
    Clock Pessimism Removal (CPR):    0.000ns
  Clock Uncertainty:      0.025ns  ((TSJ^2 + TIJ^2)^1/2 + DJ) / 2 + PE
    Total System Jitter     (TSJ):    0.050ns
    Total Input Jitter      (TIJ):    0.000ns
    Discrete Jitter          (DJ):    0.000ns
    Phase Error              (PE):    0.000ns

    Location             Delay type                Incr(ns)  Path(ns)    Netlist Resource(s)
  -------------------------------------------------------------------    -------------------
    R19                                               0.000     0.000 r  key[3] (IN)
                         net (fo=0)                   0.000     0.000    key[3]
    R19                  IBUF (Prop_ibuf_I_O)         1.441     1.441 r  key_IBUF[3]_inst/O
                         net (fo=2, routed)           3.331     4.772    u_display/D[3]
    SLICE_X72Y64         LUT6 (Prop_lut6_I4_O)        0.105     4.877 f  u_display/sync0[3]_i_1/O
                         net (fo=155, routed)         2.712     7.588    u_key_driver/rst
    SLICE_X80Y62         LUT6 (Prop_lut6_I1_O)        0.105     7.693 r  u_key_driver/key_pulse[1]_i_2/O
                         net (fo=1, routed)           0.679     8.372    u_key_driver/key_pulse[1]_i_2_n_0
    SLICE_X78Y62         LUT6 (Prop_lut6_I0_O)        0.105     8.477 r  u_key_driver/key_pulse[1]_i_1/O
                         net (fo=1, routed)           0.000     8.477    u_key_driver/key_pulse[1]_i_1_n_0
    SLICE_X78Y62         FDRE                                         r  u_key_driver/key_pulse_reg[1]/D
  -------------------------------------------------------------------    -------------------

                         (clock sys_clk rise edge)    0.000     0.000 r  
    Y18                                               0.000     0.000 r  clk (IN)
                         net (fo=0)                   0.000     0.000    clk
    Y18                  IBUF (Prop_ibuf_I_O)         1.409     1.409 r  clk_IBUF_inst/O
                         net (fo=1, routed)           1.620     3.030    clk_IBUF
    BUFGCTRL_X0Y0        BUFG (Prop_bufg_I_O)         0.077     3.107 r  clk_IBUF_BUFG_inst/O
                         net (fo=391, routed)         1.338     4.444    u_key_driver/clk_IBUF_BUFG
    SLICE_X78Y62         FDRE                                         r  u_key_driver/key_pulse_reg[1]/C

Slack:                    inf
  Source:                 key[3]
                            (input port)
  Destination:            u_display/blink_count_reg[0]/R
                            (rising edge-triggered cell FDRE clocked by sys_clk  {rise@0.000ns fall@10.000ns period=20.000ns})
  Path Group:             (none)
  Path Type:              Setup (Max at Slow Process Corner)
  Data Path Delay:        8.427ns  (logic 1.651ns (19.588%)  route 6.776ns (80.412%))
  Logic Levels:           3  (IBUF=1 LUT6=2)
  Clock Path Skew:        4.553ns (DCD - SCD + CPR)
    Destination Clock Delay (DCD):    4.553ns
    Source Clock Delay      (SCD):    0.000ns
    Clock Pessimism Removal (CPR):    0.000ns
  Clock Uncertainty:      0.025ns  ((TSJ^2 + TIJ^2)^1/2 + DJ) / 2 + PE
    Total System Jitter     (TSJ):    0.050ns
    Total Input Jitter      (TIJ):    0.000ns
    Discrete Jitter          (DJ):    0.000ns
    Phase Error              (PE):    0.000ns

    Location             Delay type                Incr(ns)  Path(ns)    Netlist Resource(s)
  -------------------------------------------------------------------    -------------------
    R19                                               0.000     0.000 f  key[3] (IN)
                         net (fo=0)                   0.000     0.000    key[3]
    R19                  IBUF (Prop_ibuf_I_O)         1.441     1.441 f  key_IBUF[3]_inst/O
                         net (fo=2, routed)           3.331     4.772    u_display/D[3]
    SLICE_X72Y64         LUT6 (Prop_lut6_I4_O)        0.105     4.877 r  u_display/sync0[3]_i_1/O
                         net (fo=155, routed)         2.662     7.539    u_display/rst
    SLICE_X76Y53         LUT6 (Prop_lut6_I5_O)        0.105     7.644 r  u_display/blink_count[0]_i_1/O
                         net (fo=25, routed)          0.782     8.427    u_display/blink_count[0]_i_1_n_0
    SLICE_X77Y48         FDRE                                         r  u_display/blink_count_reg[0]/R
  -------------------------------------------------------------------    -------------------

                         (clock sys_clk rise edge)    0.000     0.000 r  
    Y18                                               0.000     0.000 r  clk (IN)
                         net (fo=0)                   0.000     0.000    clk
    Y18                  IBUF (Prop_ibuf_I_O)         1.409     1.409 r  clk_IBUF_inst/O
                         net (fo=1, routed)           1.620     3.030    clk_IBUF
    BUFGCTRL_X0Y0        BUFG (Prop_bufg_I_O)         0.077     3.107 r  clk_IBUF_BUFG_inst/O
                         net (fo=391, routed)         1.446     4.553    u_display/clk_IBUF_BUFG
    SLICE_X77Y48         FDRE                                         r  u_display/blink_count_reg[0]/C

Slack:                    inf
  Source:                 key[3]
                            (input port)
  Destination:            u_display/blink_count_reg[1]/R
                            (rising edge-triggered cell FDRE clocked by sys_clk  {rise@0.000ns fall@10.000ns period=20.000ns})
  Path Group:             (none)
  Path Type:              Setup (Max at Slow Process Corner)
  Data Path Delay:        8.427ns  (logic 1.651ns (19.588%)  route 6.776ns (80.412%))
  Logic Levels:           3  (IBUF=1 LUT6=2)
  Clock Path Skew:        4.553ns (DCD - SCD + CPR)
    Destination Clock Delay (DCD):    4.553ns
    Source Clock Delay      (SCD):    0.000ns
    Clock Pessimism Removal (CPR):    0.000ns
  Clock Uncertainty:      0.025ns  ((TSJ^2 + TIJ^2)^1/2 + DJ) / 2 + PE
    Total System Jitter     (TSJ):    0.050ns
    Total Input Jitter      (TIJ):    0.000ns
    Discrete Jitter          (DJ):    0.000ns
    Phase Error              (PE):    0.000ns

    Location             Delay type                Incr(ns)  Path(ns)    Netlist Resource(s)
  -------------------------------------------------------------------    -------------------
    R19                                               0.000     0.000 f  key[3] (IN)
                         net (fo=0)                   0.000     0.000    key[3]
    R19                  IBUF (Prop_ibuf_I_O)         1.441     1.441 f  key_IBUF[3]_inst/O
                         net (fo=2, routed)           3.331     4.772    u_display/D[3]
    SLICE_X72Y64         LUT6 (Prop_lut6_I4_O)        0.105     4.877 r  u_display/sync0[3]_i_1/O
                         net (fo=155, routed)         2.662     7.539    u_display/rst
    SLICE_X76Y53         LUT6 (Prop_lut6_I5_O)        0.105     7.644 r  u_display/blink_count[0]_i_1/O
                         net (fo=25, routed)          0.782     8.427    u_display/blink_count[0]_i_1_n_0
    SLICE_X77Y48         FDRE                                         r  u_display/blink_count_reg[1]/R
  -------------------------------------------------------------------    -------------------

                         (clock sys_clk rise edge)    0.000     0.000 r  
    Y18                                               0.000     0.000 r  clk (IN)
                         net (fo=0)                   0.000     0.000    clk
    Y18                  IBUF (Prop_ibuf_I_O)         1.409     1.409 r  clk_IBUF_inst/O
                         net (fo=1, routed)           1.620     3.030    clk_IBUF
    BUFGCTRL_X0Y0        BUFG (Prop_bufg_I_O)         0.077     3.107 r  clk_IBUF_BUFG_inst/O
                         net (fo=391, routed)         1.446     4.553    u_display/clk_IBUF_BUFG
    SLICE_X77Y48         FDRE                                         r  u_display/blink_count_reg[1]/C





Min Delay Paths
--------------------------------------------------------------------------------------
Slack:                    inf
  Source:                 key[1]
                            (input port)
  Destination:            u_key_driver/sync0_reg[1]/D
                            (rising edge-triggered cell FDSE clocked by sys_clk  {rise@0.000ns fall@10.000ns period=20.000ns})
  Path Group:             (none)
  Path Type:              Hold (Min at Fast Process Corner)
  Data Path Delay:        1.171ns  (logic 0.160ns (13.680%)  route 1.011ns (86.320%))
  Logic Levels:           1  (IBUF=1)
  Clock Path Skew:        2.092ns (DCD - SCD - CPR)
    Destination Clock Delay (DCD):    2.092ns
    Source Clock Delay      (SCD):    0.000ns
    Clock Pessimism Removal (CPR):    -0.000ns

    Location             Delay type                Incr(ns)  Path(ns)    Netlist Resource(s)
  -------------------------------------------------------------------    -------------------
    G4                                                0.000     0.000 r  key[1] (IN)
                         net (fo=0)                   0.000     0.000    key[1]
    G4                   IBUF (Prop_ibuf_I_O)         0.160     0.160 r  key_IBUF[1]_inst/O
                         net (fo=2, routed)           1.011     1.171    u_key_driver/key[1]
    SLICE_X80Y62         FDSE                                         r  u_key_driver/sync0_reg[1]/D
  -------------------------------------------------------------------    -------------------

                         (clock sys_clk rise edge)    0.000     0.000 r  
    Y18                                               0.000     0.000 r  clk (IN)
                         net (fo=0)                   0.000     0.000    clk
    Y18                  IBUF (Prop_ibuf_I_O)         0.501     0.501 r  clk_IBUF_inst/O
                         net (fo=1, routed)           0.695     1.195    clk_IBUF
    BUFGCTRL_X0Y0        BUFG (Prop_bufg_I_O)         0.029     1.224 r  clk_IBUF_BUFG_inst/O
                         net (fo=391, routed)         0.868     2.092    u_key_driver/clk_IBUF_BUFG
    SLICE_X80Y62         FDSE                                         r  u_key_driver/sync0_reg[1]/C

Slack:                    inf
  Source:                 key[1]
                            (input port)
  Destination:            u_display/refresh_count_reg[27]/R
                            (rising edge-triggered cell FDRE clocked by sys_clk  {rise@0.000ns fall@10.000ns period=20.000ns})
  Path Group:             (none)
  Path Type:              Hold (Min at Fast Process Corner)
  Data Path Delay:        1.626ns  (logic 0.205ns (12.620%)  route 1.421ns (87.380%))
  Logic Levels:           2  (IBUF=1 LUT6=1)
  Clock Path Skew:        2.087ns (DCD - SCD - CPR)
    Destination Clock Delay (DCD):    2.087ns
    Source Clock Delay      (SCD):    0.000ns
    Clock Pessimism Removal (CPR):    -0.000ns

    Location             Delay type                Incr(ns)  Path(ns)    Netlist Resource(s)
  -------------------------------------------------------------------    -------------------
    G4                                                0.000     0.000 f  key[1] (IN)
                         net (fo=0)                   0.000     0.000    key[1]
    G4                   IBUF (Prop_ibuf_I_O)         0.160     0.160 f  key_IBUF[1]_inst/O
                         net (fo=2, routed)           1.217     1.377    u_display/D[1]
    SLICE_X72Y64         LUT6 (Prop_lut6_I2_O)        0.045     1.422 r  u_display/sync0[3]_i_1/O
                         net (fo=155, routed)         0.204     1.626    u_display/rst
    SLICE_X75Y63         FDRE                                         r  u_display/refresh_count_reg[27]/R
  -------------------------------------------------------------------    -------------------

                         (clock sys_clk rise edge)    0.000     0.000 r  
    Y18                                               0.000     0.000 r  clk (IN)
                         net (fo=0)                   0.000     0.000    clk
    Y18                  IBUF (Prop_ibuf_I_O)         0.501     0.501 r  clk_IBUF_inst/O
                         net (fo=1, routed)           0.695     1.195    clk_IBUF
    BUFGCTRL_X0Y0        BUFG (Prop_bufg_I_O)         0.029     1.224 r  clk_IBUF_BUFG_inst/O
                         net (fo=391, routed)         0.863     2.087    u_display/clk_IBUF_BUFG
    SLICE_X75Y63         FDRE                                         r  u_display/refresh_count_reg[27]/C

Slack:                    inf
  Source:                 key[1]
                            (input port)
  Destination:            u_display/refresh_count_reg[28]/R
                            (rising edge-triggered cell FDRE clocked by sys_clk  {rise@0.000ns fall@10.000ns period=20.000ns})
  Path Group:             (none)
  Path Type:              Hold (Min at Fast Process Corner)
  Data Path Delay:        1.626ns  (logic 0.205ns (12.620%)  route 1.421ns (87.380%))
  Logic Levels:           2  (IBUF=1 LUT6=1)
  Clock Path Skew:        2.087ns (DCD - SCD - CPR)
    Destination Clock Delay (DCD):    2.087ns
    Source Clock Delay      (SCD):    0.000ns
    Clock Pessimism Removal (CPR):    -0.000ns

    Location             Delay type                Incr(ns)  Path(ns)    Netlist Resource(s)
  -------------------------------------------------------------------    -------------------
    G4                                                0.000     0.000 f  key[1] (IN)
                         net (fo=0)                   0.000     0.000    key[1]
    G4                   IBUF (Prop_ibuf_I_O)         0.160     0.160 f  key_IBUF[1]_inst/O
                         net (fo=2, routed)           1.217     1.377    u_display/D[1]
    SLICE_X72Y64         LUT6 (Prop_lut6_I2_O)        0.045     1.422 r  u_display/sync0[3]_i_1/O
                         net (fo=155, routed)         0.204     1.626    u_display/rst
    SLICE_X75Y63         FDRE                                         r  u_display/refresh_count_reg[28]/R
  -------------------------------------------------------------------    -------------------

                         (clock sys_clk rise edge)    0.000     0.000 r  
    Y18                                               0.000     0.000 r  clk (IN)
                         net (fo=0)                   0.000     0.000    clk
    Y18                  IBUF (Prop_ibuf_I_O)         0.501     0.501 r  clk_IBUF_inst/O
                         net (fo=1, routed)           0.695     1.195    clk_IBUF
    BUFGCTRL_X0Y0        BUFG (Prop_bufg_I_O)         0.029     1.224 r  clk_IBUF_BUFG_inst/O
                         net (fo=391, routed)         0.863     2.087    u_display/clk_IBUF_BUFG
    SLICE_X75Y63         FDRE                                         r  u_display/refresh_count_reg[28]/C

Slack:                    inf
  Source:                 key[1]
                            (input port)
  Destination:            u_display/refresh_count_reg[30]/R
                            (rising edge-triggered cell FDRE clocked by sys_clk  {rise@0.000ns fall@10.000ns period=20.000ns})
  Path Group:             (none)
  Path Type:              Hold (Min at Fast Process Corner)
  Data Path Delay:        1.626ns  (logic 0.205ns (12.620%)  route 1.421ns (87.380%))
  Logic Levels:           2  (IBUF=1 LUT6=1)
  Clock Path Skew:        2.087ns (DCD - SCD - CPR)
    Destination Clock Delay (DCD):    2.087ns
    Source Clock Delay      (SCD):    0.000ns
    Clock Pessimism Removal (CPR):    -0.000ns

    Location             Delay type                Incr(ns)  Path(ns)    Netlist Resource(s)
  -------------------------------------------------------------------    -------------------
    G4                                                0.000     0.000 f  key[1] (IN)
                         net (fo=0)                   0.000     0.000    key[1]
    G4                   IBUF (Prop_ibuf_I_O)         0.160     0.160 f  key_IBUF[1]_inst/O
                         net (fo=2, routed)           1.217     1.377    u_display/D[1]
    SLICE_X72Y64         LUT6 (Prop_lut6_I2_O)        0.045     1.422 r  u_display/sync0[3]_i_1/O
                         net (fo=155, routed)         0.204     1.626    u_display/rst
    SLICE_X75Y63         FDRE                                         r  u_display/refresh_count_reg[30]/R
  -------------------------------------------------------------------    -------------------

                         (clock sys_clk rise edge)    0.000     0.000 r  
    Y18                                               0.000     0.000 r  clk (IN)
                         net (fo=0)                   0.000     0.000    clk
    Y18                  IBUF (Prop_ibuf_I_O)         0.501     0.501 r  clk_IBUF_inst/O
                         net (fo=1, routed)           0.695     1.195    clk_IBUF
    BUFGCTRL_X0Y0        BUFG (Prop_bufg_I_O)         0.029     1.224 r  clk_IBUF_BUFG_inst/O
                         net (fo=391, routed)         0.863     2.087    u_display/clk_IBUF_BUFG
    SLICE_X75Y63         FDRE                                         r  u_display/refresh_count_reg[30]/C

Slack:                    inf
  Source:                 key[1]
                            (input port)
  Destination:            u_display/refresh_count_reg[21]/R
                            (rising edge-triggered cell FDRE clocked by sys_clk  {rise@0.000ns fall@10.000ns period=20.000ns})
  Path Group:             (none)
  Path Type:              Hold (Min at Fast Process Corner)
  Data Path Delay:        1.658ns  (logic 0.205ns (12.376%)  route 1.453ns (87.624%))
  Logic Levels:           2  (IBUF=1 LUT6=1)
  Clock Path Skew:        2.088ns (DCD - SCD - CPR)
    Destination Clock Delay (DCD):    2.088ns
    Source Clock Delay      (SCD):    0.000ns
    Clock Pessimism Removal (CPR):    -0.000ns

    Location             Delay type                Incr(ns)  Path(ns)    Netlist Resource(s)
  -------------------------------------------------------------------    -------------------
    G4                                                0.000     0.000 f  key[1] (IN)
                         net (fo=0)                   0.000     0.000    key[1]
    G4                   IBUF (Prop_ibuf_I_O)         0.160     0.160 f  key_IBUF[1]_inst/O
                         net (fo=2, routed)           1.217     1.377    u_display/D[1]
    SLICE_X72Y64         LUT6 (Prop_lut6_I2_O)        0.045     1.422 r  u_display/sync0[3]_i_1/O
                         net (fo=155, routed)         0.236     1.658    u_display/rst
    SLICE_X77Y62         FDRE                                         r  u_display/refresh_count_reg[21]/R
  -------------------------------------------------------------------    -------------------

                         (clock sys_clk rise edge)    0.000     0.000 r  
    Y18                                               0.000     0.000 r  clk (IN)
                         net (fo=0)                   0.000     0.000    clk
    Y18                  IBUF (Prop_ibuf_I_O)         0.501     0.501 r  clk_IBUF_inst/O
                         net (fo=1, routed)           0.695     1.195    clk_IBUF
    BUFGCTRL_X0Y0        BUFG (Prop_bufg_I_O)         0.029     1.224 r  clk_IBUF_BUFG_inst/O
                         net (fo=391, routed)         0.864     2.088    u_display/clk_IBUF_BUFG
    SLICE_X77Y62         FDRE                                         r  u_display/refresh_count_reg[21]/C

Slack:                    inf
  Source:                 key[1]
                            (input port)
  Destination:            u_display/refresh_count_reg[22]/R
                            (rising edge-triggered cell FDRE clocked by sys_clk  {rise@0.000ns fall@10.000ns period=20.000ns})
  Path Group:             (none)
  Path Type:              Hold (Min at Fast Process Corner)
  Data Path Delay:        1.658ns  (logic 0.205ns (12.376%)  route 1.453ns (87.624%))
  Logic Levels:           2  (IBUF=1 LUT6=1)
  Clock Path Skew:        2.088ns (DCD - SCD - CPR)
    Destination Clock Delay (DCD):    2.088ns
    Source Clock Delay      (SCD):    0.000ns
    Clock Pessimism Removal (CPR):    -0.000ns

    Location             Delay type                Incr(ns)  Path(ns)    Netlist Resource(s)
  -------------------------------------------------------------------    -------------------
    G4                                                0.000     0.000 f  key[1] (IN)
                         net (fo=0)                   0.000     0.000    key[1]
    G4                   IBUF (Prop_ibuf_I_O)         0.160     0.160 f  key_IBUF[1]_inst/O
                         net (fo=2, routed)           1.217     1.377    u_display/D[1]
    SLICE_X72Y64         LUT6 (Prop_lut6_I2_O)        0.045     1.422 r  u_display/sync0[3]_i_1/O
                         net (fo=155, routed)         0.236     1.658    u_display/rst
    SLICE_X77Y62         FDRE                                         r  u_display/refresh_count_reg[22]/R
  -------------------------------------------------------------------    -------------------

                         (clock sys_clk rise edge)    0.000     0.000 r  
    Y18                                               0.000     0.000 r  clk (IN)
                         net (fo=0)                   0.000     0.000    clk
    Y18                  IBUF (Prop_ibuf_I_O)         0.501     0.501 r  clk_IBUF_inst/O
                         net (fo=1, routed)           0.695     1.195    clk_IBUF
    BUFGCTRL_X0Y0        BUFG (Prop_bufg_I_O)         0.029     1.224 r  clk_IBUF_BUFG_inst/O
                         net (fo=391, routed)         0.864     2.088    u_display/clk_IBUF_BUFG
    SLICE_X77Y62         FDRE                                         r  u_display/refresh_count_reg[22]/C

Slack:                    inf
  Source:                 key[1]
                            (input port)
  Destination:            u_display/refresh_count_reg[23]/R
                            (rising edge-triggered cell FDRE clocked by sys_clk  {rise@0.000ns fall@10.000ns period=20.000ns})
  Path Group:             (none)
  Path Type:              Hold (Min at Fast Process Corner)
  Data Path Delay:        1.658ns  (logic 0.205ns (12.376%)  route 1.453ns (87.624%))
  Logic Levels:           2  (IBUF=1 LUT6=1)
  Clock Path Skew:        2.088ns (DCD - SCD - CPR)
    Destination Clock Delay (DCD):    2.088ns
    Source Clock Delay      (SCD):    0.000ns
    Clock Pessimism Removal (CPR):    -0.000ns

    Location             Delay type                Incr(ns)  Path(ns)    Netlist Resource(s)
  -------------------------------------------------------------------    -------------------
    G4                                                0.000     0.000 f  key[1] (IN)
                         net (fo=0)                   0.000     0.000    key[1]
    G4                   IBUF (Prop_ibuf_I_O)         0.160     0.160 f  key_IBUF[1]_inst/O
                         net (fo=2, routed)           1.217     1.377    u_display/D[1]
    SLICE_X72Y64         LUT6 (Prop_lut6_I2_O)        0.045     1.422 r  u_display/sync0[3]_i_1/O
                         net (fo=155, routed)         0.236     1.658    u_display/rst
    SLICE_X77Y62         FDRE                                         r  u_display/refresh_count_reg[23]/R
  -------------------------------------------------------------------    -------------------

                         (clock sys_clk rise edge)    0.000     0.000 r  
    Y18                                               0.000     0.000 r  clk (IN)
                         net (fo=0)                   0.000     0.000    clk
    Y18                  IBUF (Prop_ibuf_I_O)         0.501     0.501 r  clk_IBUF_inst/O
                         net (fo=1, routed)           0.695     1.195    clk_IBUF
    BUFGCTRL_X0Y0        BUFG (Prop_bufg_I_O)         0.029     1.224 r  clk_IBUF_BUFG_inst/O
                         net (fo=391, routed)         0.864     2.088    u_display/clk_IBUF_BUFG
    SLICE_X77Y62         FDRE                                         r  u_display/refresh_count_reg[23]/C

Slack:                    inf
  Source:                 key[1]
                            (input port)
  Destination:            u_display/refresh_count_reg[24]/R
                            (rising edge-triggered cell FDRE clocked by sys_clk  {rise@0.000ns fall@10.000ns period=20.000ns})
  Path Group:             (none)
  Path Type:              Hold (Min at Fast Process Corner)
  Data Path Delay:        1.658ns  (logic 0.205ns (12.376%)  route 1.453ns (87.624%))
  Logic Levels:           2  (IBUF=1 LUT6=1)
  Clock Path Skew:        2.088ns (DCD - SCD - CPR)
    Destination Clock Delay (DCD):    2.088ns
    Source Clock Delay      (SCD):    0.000ns
    Clock Pessimism Removal (CPR):    -0.000ns

    Location             Delay type                Incr(ns)  Path(ns)    Netlist Resource(s)
  -------------------------------------------------------------------    -------------------
    G4                                                0.000     0.000 f  key[1] (IN)
                         net (fo=0)                   0.000     0.000    key[1]
    G4                   IBUF (Prop_ibuf_I_O)         0.160     0.160 f  key_IBUF[1]_inst/O
                         net (fo=2, routed)           1.217     1.377    u_display/D[1]
    SLICE_X72Y64         LUT6 (Prop_lut6_I2_O)        0.045     1.422 r  u_display/sync0[3]_i_1/O
                         net (fo=155, routed)         0.236     1.658    u_display/rst
    SLICE_X77Y62         FDRE                                         r  u_display/refresh_count_reg[24]/R
  -------------------------------------------------------------------    -------------------

                         (clock sys_clk rise edge)    0.000     0.000 r  
    Y18                                               0.000     0.000 r  clk (IN)
                         net (fo=0)                   0.000     0.000    clk
    Y18                  IBUF (Prop_ibuf_I_O)         0.501     0.501 r  clk_IBUF_inst/O
                         net (fo=1, routed)           0.695     1.195    clk_IBUF
    BUFGCTRL_X0Y0        BUFG (Prop_bufg_I_O)         0.029     1.224 r  clk_IBUF_BUFG_inst/O
                         net (fo=391, routed)         0.864     2.088    u_display/clk_IBUF_BUFG
    SLICE_X77Y62         FDRE                                         r  u_display/refresh_count_reg[24]/C

Slack:                    inf
  Source:                 key[0]
                            (input port)
  Destination:            u_key_driver/sync0_reg[0]/D
                            (rising edge-triggered cell FDSE clocked by sys_clk  {rise@0.000ns fall@10.000ns period=20.000ns})
  Path Group:             (none)
  Path Type:              Hold (Min at Fast Process Corner)
  Data Path Delay:        1.663ns  (logic 0.178ns (10.713%)  route 1.485ns (89.287%))
  Logic Levels:           1  (IBUF=1)
  Clock Path Skew:        2.087ns (DCD - SCD - CPR)
    Destination Clock Delay (DCD):    2.087ns
    Source Clock Delay      (SCD):    0.000ns
    Clock Pessimism Removal (CPR):    -0.000ns

    Location             Delay type                Incr(ns)  Path(ns)    Netlist Resource(s)
  -------------------------------------------------------------------    -------------------
    E3                                                0.000     0.000 r  key[0] (IN)
                         net (fo=0)                   0.000     0.000    key[0]
    E3                   IBUF (Prop_ibuf_I_O)         0.178     0.178 r  key_IBUF[0]_inst/O
                         net (fo=2, routed)           1.485     1.663    u_key_driver/key[0]
    SLICE_X76Y63         FDSE                                         r  u_key_driver/sync0_reg[0]/D
  -------------------------------------------------------------------    -------------------

                         (clock sys_clk rise edge)    0.000     0.000 r  
    Y18                                               0.000     0.000 r  clk (IN)
                         net (fo=0)                   0.000     0.000    clk
    Y18                  IBUF (Prop_ibuf_I_O)         0.501     0.501 r  clk_IBUF_inst/O
                         net (fo=1, routed)           0.695     1.195    clk_IBUF
    BUFGCTRL_X0Y0        BUFG (Prop_bufg_I_O)         0.029     1.224 r  clk_IBUF_BUFG_inst/O
                         net (fo=391, routed)         0.863     2.087    u_key_driver/clk_IBUF_BUFG
    SLICE_X76Y63         FDSE                                         r  u_key_driver/sync0_reg[0]/C

Slack:                    inf
  Source:                 key[1]
                            (input port)
  Destination:            u_display/refresh_count_reg[0]/R
                            (rising edge-triggered cell FDRE clocked by sys_clk  {rise@0.000ns fall@10.000ns period=20.000ns})
  Path Group:             (none)
  Path Type:              Hold (Min at Fast Process Corner)
  Data Path Delay:        1.684ns  (logic 0.205ns (12.184%)  route 1.479ns (87.816%))
  Logic Levels:           2  (IBUF=1 LUT6=1)
  Clock Path Skew:        2.090ns (DCD - SCD - CPR)
    Destination Clock Delay (DCD):    2.090ns
    Source Clock Delay      (SCD):    0.000ns
    Clock Pessimism Removal (CPR):    -0.000ns

    Location             Delay type                Incr(ns)  Path(ns)    Netlist Resource(s)
  -------------------------------------------------------------------    -------------------
    G4                                                0.000     0.000 f  key[1] (IN)
                         net (fo=0)                   0.000     0.000    key[1]
    G4                   IBUF (Prop_ibuf_I_O)         0.160     0.160 f  key_IBUF[1]_inst/O
                         net (fo=2, routed)           1.217     1.377    u_display/D[1]
    SLICE_X72Y64         LUT6 (Prop_lut6_I2_O)        0.045     1.422 r  u_display/sync0[3]_i_1/O
                         net (fo=155, routed)         0.262     1.684    u_display/rst
    SLICE_X75Y61         FDRE                                         r  u_display/refresh_count_reg[0]/R
  -------------------------------------------------------------------    -------------------

                         (clock sys_clk rise edge)    0.000     0.000 r  
    Y18                                               0.000     0.000 r  clk (IN)
                         net (fo=0)                   0.000     0.000    clk
    Y18                  IBUF (Prop_ibuf_I_O)         0.501     0.501 r  clk_IBUF_inst/O
                         net (fo=1, routed)           0.695     1.195    clk_IBUF
    BUFGCTRL_X0Y0        BUFG (Prop_bufg_I_O)         0.029     1.224 r  clk_IBUF_BUFG_inst/O
                         net (fo=391, routed)         0.866     2.090    u_display/clk_IBUF_BUFG
    SLICE_X75Y61         FDRE                                         r  u_display/refresh_count_reg[0]/C





